"year","name","n"
1915,"Kristina",5
1916,"Kramer",5
1916,"Kristine",6
1917,"Kristine",8
1918,"Kristine",9
1919,"Kristine",6
1920,"Kristina",5
1920,"Kristine",9
1921,"Kristina",5
1921,"Kristine",10
1922,"Krikor",6
1922,"Kristine",6
1923,"Kristine",6
1924,"Kristine",7
1925,"Kristine",9
1926,"Kristine",8
1927,"Kristine",7
1928,"Kristine",5
1929,"Kristine",5
1931,"Kristine",7
1932,"Kristin",7
1932,"Kristine",5
1933,"Kristin",9
1934,"Kristin",10
1934,"Kristine",8
1935,"Kristin",11
1935,"Kristine",10
1936,"Kristin",20
1936,"Kristina",5
1936,"Kristine",18
1937,"Kris",5
1937,"Krista",6
1937,"Kristin",34
1937,"Kristina",9
1937,"Kristine",15
1938,"Kristen",7
1938,"Kristin",24
1938,"Kristina",11
1938,"Kristine",26
1939,"Kraig",7
1939,"Kris",6
1939,"Kristen",13
1939,"Kristin",56
1939,"Kristina",11
1939,"Kristine",33
1940,"Kraig",6
1940,"Kris",17
1940,"Kristen",7
1940,"Kristi",8
1940,"Kristie",6
1940,"Kristin",51
1940,"Kristina",16
1940,"Kristine",32
1941,"Kraig",5
1941,"Kris",18
1941,"Kristen",17
1941,"Kristi",11
1941,"Kristin",60
1941,"Kristina",19
1941,"Kristine",61
1941,"Kristy",6
1942,"Kraig",7
1942,"Kris",21
1942,"Kristen",20
1942,"Kristi",28
1942,"Kristian",5
1942,"Kristie",11
1942,"Kristin",87
1942,"Kristina",21
1942,"Kristine",88
1942,"Kristy",11
1943,"Kraig",6
1943,"Kris",35
1943,"Krista",6
1943,"Kristen",51
1943,"Kristi",27
1943,"Kristie",17
1943,"Kristin",99
1943,"Kristina",41
1943,"Kristine",123
1943,"Kristy",9
1944,"Kraig",12
1944,"Kris",69
1944,"Krista",5
1944,"Kristeen",5
1944,"Kristen",48
1944,"Kristi",31
1944,"Kristie",12
1944,"Kristin",108
1944,"Kristina",55
1944,"Kristine",158
1944,"Kristy",7
1945,"Kraig",9
1945,"Kris",71
1945,"Krista",8
1945,"Kristan",17
1945,"Kristeen",7
1945,"Kristen",54
1945,"Kristi",44
1945,"Kristie",12
1945,"Kristin",125
1945,"Kristina",82
1945,"Kristine",213
1945,"Kristofer",5
1945,"Kristy",16
1946,"Kraig",7
1946,"Kris",122
1946,"Krist",5
1946,"Krista",28
1946,"Kristan",11
1946,"Kristeen",11
1946,"Kristen",93
1946,"Kristene",8
1946,"Kristi",112
1946,"Kristie",24
1946,"Kristin",239
1946,"Kristina",133
1946,"Kristine",446
1946,"Kristy",24
1946,"Krystal",16
1947,"Kraig",30
1947,"Kris",161
1947,"Krista",40
1947,"Kristan",14
1947,"Kristeen",16
1947,"Kristen",160
1947,"Kristene",9
1947,"Kristi",109
1947,"Kristian",6
1947,"Kristie",69
1947,"Kristin",276
1947,"Kristina",152
1947,"Kristine",718
1947,"Kristopher",7
1947,"Kristy",73
1947,"Kristyne",5
1947,"Krystal",8
1948,"Kraig",21
1948,"Kreg",5
1948,"Kregg",5
1948,"Kris",210
1948,"Kriss",10
1948,"Krista",36
1948,"Kristan",12
1948,"Kristeen",24
1948,"Kristen",167
1948,"Kristena",5
1948,"Kristene",11
1948,"Kristi",122
1948,"Kristian",7
1948,"Kristie",95
1948,"Kristin",317
1948,"Kristina",216
1948,"Kristine",1033
1948,"Kristopher",10
1948,"Kristy",60
1948,"Krystal",6
1949,"Kraig",29
1949,"Kreg",6
1949,"Kris",201
1949,"Kriss",11
1949,"Krista",65
1949,"Kristan",10
1949,"Kristeen",15
1949,"Kristen",179
1949,"Kristene",11
1949,"Kristi",164
1949,"Kristian",6
1949,"Kristie",132
1949,"Kristin",322
1949,"Kristina",257
1949,"Kristine",1175
1949,"Kristofer",7
1949,"Kristopher",7
1949,"Kristy",85
1949,"Kristyn",5
1949,"Kristyne",7
1949,"Krystal",9
1949,"Krystina",5
1949,"Krystine",8
1950,"Kraig",35
1950,"Kreg",7
1950,"Kris",209
1950,"Kriss",18
1950,"Krista",111
1950,"Kristan",8
1950,"Kriste",6
1950,"Kristeen",25
1950,"Kristen",165
1950,"Kristene",11
1950,"Kristi",167
1950,"Kristian",8
1950,"Kristie",118
1950,"Kristin",357
1950,"Kristina",282
1950,"Kristine",1247
1950,"Kristopher",21
1950,"Kristy",109
1950,"Krystal",8
1951,"Kraig",37
1951,"Kreg",9
1951,"Kris",294
1951,"Kriss",13
1951,"Krist",5
1951,"Krista",129
1951,"Kristal",7
1951,"Kristan",18
1951,"Kriste",9
1951,"Kristeen",42
1951,"Kristen",203
1951,"Kristena",5
1951,"Kristene",25
1951,"Kristi",274
1951,"Kristian",10
1951,"Kristie",232
1951,"Kristin",429
1951,"Kristina",332
1951,"Kristine",1755
1951,"Kristofer",6
1951,"Kristopher",30
1951,"Kristy",173
1951,"Kristyn",9
1951,"Kristyne",8
1951,"Krystal",55
1951,"Krystina",5
1951,"Krystine",14
1952,"Kraig",43
1952,"Kreg",7
1952,"Kris",370
1952,"Kriss",14
1952,"Krist",6
1952,"Krista",154
1952,"Kristal",8
1952,"Kristan",29
1952,"Kriste",7
1952,"Kristeen",42
1952,"Kristel",6
1952,"Kristen",296
1952,"Kristene",20
1952,"Kristi",291
1952,"Kristie",236
1952,"Kristin",444
1952,"Kristina",377
1952,"Kristine",1887
1952,"Kristofer",8
1952,"Kristopher",24
1952,"Kristy",332
1952,"Kristyn",13
1952,"Kristyne",7
1952,"Krys",5
1952,"Krystal",59
1952,"Krystine",11
1952,"Krystyna",9
1953,"Kraig",67
1953,"Kreg",11
1953,"Kris",351
1953,"Krisanne",7
1953,"Kriss",20
1953,"Krist",5
1953,"Krista",171
1953,"Kristal",10
1953,"Kristan",13
1953,"Kriste",6
1953,"Kristee",5
1953,"Kristeen",28
1953,"Kristel",12
1953,"Kristen",263
1953,"Kristene",13
1953,"Kristi",310
1953,"Kristian",14
1953,"Kristie",212
1953,"Kristin",453
1953,"Kristina",251
1953,"Kristine",1247
1953,"Kristofer",7
1953,"Kristopher",19
1953,"Kristy",278
1953,"Kristyn",7
1953,"Kristyne",6
1953,"Krystal",40
1953,"Krystine",5
1953,"Krystyna",7
1954,"Kraig",54
1954,"Kreg",15
1954,"Kregg",7
1954,"Kreig",5
1954,"Kris",389
1954,"Krisandra",6
1954,"Krisann",10
1954,"Kriss",27
1954,"Krista",217
1954,"Kristal",13
1954,"Kristan",7
1954,"Kriste",6
1954,"Kristee",8
1954,"Kristeen",20
1954,"Kristel",11
1954,"Kristen",228
1954,"Kristene",8
1954,"Kristi",355
1954,"Kristian",17
1954,"Kristie",191
1954,"Kristin",411
1954,"Kristina",269
1954,"Kristine",867
1954,"Kristopher",22
1954,"Kristy",267
1954,"Kristyn",8
1954,"Krystal",36
1954,"Krystine",5
1954,"Krystyna",6
1955,"Kraig",70
1955,"Kreg",9
1955,"Kregg",5
1955,"Kreig",6
1955,"Kris",501
1955,"Krisandra",19
1955,"Krisann",9
1955,"Krisanne",7
1955,"Kriss",27
1955,"Krista",241
1955,"Kristal",17
1955,"Kristan",15
1955,"Kriste",36
1955,"Kristee",11
1955,"Kristeen",13
1955,"Kristen",242
1955,"Kristene",8
1955,"Kristi",591
1955,"Kristian",6
1955,"Kristie",330
1955,"Kristin",463
1955,"Kristina",357
1955,"Kristine",994
1955,"Kristofer",9
1955,"Kristopher",36
1955,"Kristy",301
1955,"Kristyn",9
1955,"Kristyne",6
1955,"Krystal",37
1956,"Krag",5
1956,"Kraig",80
1956,"Kreg",8
1956,"Kregg",9
1956,"Kris",569
1956,"Krisan",7
1956,"Krisandra",9
1956,"Krisann",10
1956,"Kriss",29
1956,"Krist",6
1956,"Krista",241
1956,"Kristal",21
1956,"Kristan",10
1956,"Kriste",18
1956,"Kristee",6
1956,"Kristeen",18
1956,"Kristel",11
1956,"Kristen",258
1956,"Kristene",11
1956,"Kristi",669
1956,"Kristian",11
1956,"Kristie",294
1956,"Kristin",453
1956,"Kristina",350
1956,"Kristine",993
1956,"Kristofer",11
1956,"Kristopher",48
1956,"Kristy",369
1956,"Kristyn",9
1956,"Kristyne",5
1956,"Krys",6
1956,"Krystal",45
1956,"Krystyna",11
1957,"Kraig",75
1957,"Kreg",15
1957,"Kregg",6
1957,"Kreig",8
1957,"Kris",776
1957,"Krisann",18
1957,"Krisanne",7
1957,"Krishna",5
1957,"Kriss",20
1957,"Krist",6
1957,"Krista",238
1957,"Kristal",22
1957,"Kristan",12
1957,"Kriste",13
1957,"Kristeen",18
1957,"Kristen",303
1957,"Kristena",6
1957,"Kristene",14
1957,"Kristi",800
1957,"Kristian",15
1957,"Kristie",314
1957,"Kristin",544
1957,"Kristina",355
1957,"Kristine",986
1957,"Kristinia",5
1957,"Kristopher",52
1957,"Kristy",405
1957,"Kristyn",7
1957,"Krystal",62
1957,"Krystine",6
1957,"Krystyna",8
1958,"Kraig",123
1958,"Kreg",17
1958,"Kregg",10
1958,"Kris",1004
1958,"Krisan",6
1958,"Krisandra",5
1958,"Krisann",12
1958,"Krisanne",9
1958,"Krishna",5
1958,"Kriss",33
1958,"Krista",238
1958,"Kristal",29
1958,"Kristan",50
1958,"Kriste",15
1958,"Kristee",6
1958,"Kristeen",21
1958,"Kristel",6
1958,"Kristen",402
1958,"Kristene",17
1958,"Kristi",842
1958,"Kristian",16
1958,"Kristie",351
1958,"Kristin",600
1958,"Kristina",349
1958,"Kristine",1086
1958,"Kristofer",15
1958,"Kristopher",83
1958,"Kristy",505
1958,"Kristyn",12
1958,"Kristyne",9
1958,"Krysia",6
1958,"Krystal",84
1958,"Krysti",5
1958,"Krystine",5
1958,"Krystyna",16
1959,"Krag",5
1959,"Kraig",123
1959,"Kreg",26
1959,"Kregg",11
1959,"Krina",6
1959,"Kris",1059
1959,"Krisann",9
1959,"Krisanne",8
1959,"Krishna",5
1959,"Kriss",39
1959,"Krissy",7
1959,"Krist",8
1959,"Krista",302
1959,"Kristal",54
1959,"Kristan",39
1959,"Kriste",13
1959,"Kristee",6
1959,"Kristeen",21
1959,"Kristel",8
1959,"Kristen",554
1959,"Kristene",9
1959,"Kristi",910
1959,"Kristian",49
1959,"Kristie",303
1959,"Kristin",724
1959,"Kristina",361
1959,"Kristine",1022
1959,"Kristofer",12
1959,"Kristopher",92
1959,"Kristy",491
1959,"Kristyn",13
1959,"Krystal",88
1959,"Krysti",7
1959,"Krystyna",13
1960,"Kraig",161
1960,"Kreg",23
1960,"Kregg",16
1960,"Kris",1043
1960,"Krisann",8
1960,"Krisanne",11
1960,"Krishna",15
1960,"Kriss",46
1960,"Krissy",8
1960,"Krist",8
1960,"Krista",314
1960,"Kristal",73
1960,"Kristan",43
1960,"Kriste",14
1960,"Kristee",5
1960,"Kristeen",15
1960,"Kristel",14
1960,"Kristen",560
1960,"Kristene",11
1960,"Kristi",1058
1960,"Kristian",37
1960,"Kristie",321
1960,"Kristin",781
1960,"Kristina",424
1960,"Kristine",1082
1960,"Kristofer",14
1960,"Kristopher",84
1960,"Kristy",543
1960,"Kristyn",30
1960,"Kristyne",5
1960,"Krys",6
1960,"Krystal",121
1960,"Krysten",6
1960,"Krysti",5
1960,"Krystn",5
1960,"Krystyna",14
1961,"Krag",6
1961,"Kraig",187
1961,"Kreg",30
1961,"Kregg",25
1961,"Kreig",10
1961,"Kricket",5
1961,"Kris",1120
1961,"Krisan",7
1961,"Krisann",17
1961,"Krisanne",5
1961,"Krishna",10
1961,"Krislyn",5
1961,"Kriss",40
1961,"Krissy",11
1961,"Krist",6
1961,"Krista",345
1961,"Kristal",58
1961,"Kristan",42
1961,"Kriste",21
1961,"Kristee",8
1961,"Kristeen",20
1961,"Kristel",19
1961,"Kristen",555
1961,"Kristene",14
1961,"Kristi",1203
1961,"Kristian",33
1961,"Kristie",377
1961,"Kristin",829
1961,"Kristina",560
1961,"Kristine",1182
1961,"Kristofer",19
1961,"Kriston",5
1961,"Kristopher",121
1961,"Kristy",581
1961,"Kristye",6
1961,"Kristyn",16
1961,"Kristyne",5
1961,"Krysta",5
1961,"Krystal",123
1961,"Krysti",6
1961,"Krystyna",10
1962,"Kraig",204
1962,"Kreg",38
1962,"Kregg",22
1962,"Kreig",5
1962,"Kris",1102
1962,"Krisann",13
1962,"Krisanne",8
1962,"Krishna",5
1962,"Kriss",46
1962,"Krissa",5
1962,"Krissy",14
1962,"Krista",448
1962,"Kristal",66
1962,"Kristan",40
1962,"Kriste",15
1962,"Kristee",5
1962,"Kristeen",24
1962,"Kristel",12
1962,"Kristen",772
1962,"Kristene",18
1962,"Kristi",1214
1962,"Kristian",35
1962,"Kristie",323
1962,"Kristin",891
1962,"Kristina",629
1962,"Kristine",1328
1962,"Kristofer",22
1962,"Kristopher",107
1962,"Kristy",559
1962,"Kristyn",19
1962,"Krystal",133
1962,"Krysti",6
1962,"Krystina",7
1962,"Krystine",6
1962,"Krystn",7
1962,"Krystyna",7
1962,"Krzysztof",5
1963,"Kraig",181
1963,"Kreg",26
1963,"Kregg",17
1963,"Krin",6
1963,"Kris",1238
1963,"Krisan",9
1963,"Krisann",10
1963,"Krisanne",10
1963,"Kriss",58
1963,"Krissie",5
1963,"Krissy",7
1963,"Krist",5
1963,"Krista",528
1963,"Kristal",88
1963,"Kristan",49
1963,"Kriste",10
1963,"Kristee",15
1963,"Kristeen",19
1963,"Kristel",16
1963,"Kristen",1033
1963,"Kristena",10
1963,"Kristene",30
1963,"Kristi",1420
1963,"Kristian",59
1963,"Kristiana",5
1963,"Kristiann",5
1963,"Kristie",350
1963,"Kristin",1597
1963,"Kristina",778
1963,"Kristine",1747
1963,"Kristofer",19
1963,"Kristopher",116
1963,"Kristy",741
1963,"Kristyn",28
1963,"Kristyne",8
1963,"Krystal",151
1963,"Krysti",10
1963,"Krystie",5
1963,"Krystina",5
1963,"Krystine",7
1963,"Krystyna",14
1964,"Kraig",184
1964,"Kreg",31
1964,"Kregg",18
1964,"Kris",1374
1964,"Krisan",5
1964,"Krisann",11
1964,"Krisanne",10
1964,"Krisha",8
1964,"Krislyn",5
1964,"Kriss",40
1964,"Krissa",5
1964,"Krissi",6
1964,"Krissy",17
1964,"Krista",614
1964,"Kristal",77
1964,"Kristan",62
1964,"Kriste",22
1964,"Kristee",12
1964,"Kristeen",26
1964,"Kristel",22
1964,"Kristen",1355
1964,"Kristena",5
1964,"Kristene",30
1964,"Kristi",1670
1964,"Kristia",7
1964,"Kristian",47
1964,"Kristiana",6
1964,"Kristie",402
1964,"Kristin",1743
1964,"Kristina",1036
1964,"Kristine",2299
1964,"Kristl",7
1964,"Kristle",7
1964,"Kristofer",27
1964,"Kristopher",149
1964,"Kristy",822
1964,"Kristye",5
1964,"Kristyn",38
1964,"Kristyne",10
1964,"Krys",8
1964,"Krysia",5
1964,"Krysta",11
1964,"Krystal",197
1964,"Krysti",9
1964,"Krystina",6
1964,"Krystine",8
1964,"Krystyna",11
1965,"Kraig",192
1965,"Kreg",31
1965,"Kregg",19
1965,"Krieg",5
1965,"Kris",1386
1965,"Krisa",6
1965,"Krisann",24
1965,"Krisanna",5
1965,"Krisanne",12
1965,"Krisha",8
1965,"Krishna",12
1965,"Kriss",44
1965,"Krissy",23
1965,"Krist",8
1965,"Krista",752
1965,"Kristal",91
1965,"Kristan",72
1965,"Kriste",19
1965,"Kristee",8
1965,"Kristeen",39
1965,"Kristel",26
1965,"Kristen",1743
1965,"Kristena",9
1965,"Kristene",27
1965,"Krister",5
1965,"Kristi",1608
1965,"Kristia",5
1965,"Kristian",55
1965,"Kristiane",7
1965,"Kristie",433
1965,"Kristin",2858
1965,"Kristina",1372
1965,"Kristine",3170
1965,"Kristinia",5
1965,"Kristl",5
1965,"Kristofer",23
1965,"Kriston",6
1965,"Kristopher",184
1965,"Kristy",780
1965,"Kristyn",49
1965,"Kristyne",9
1965,"Krystal",178
1965,"Krysten",5
1965,"Krysti",8
1965,"Krystin",9
1965,"Krystina",7
1965,"Krystine",9
1965,"Krystyna",11
1966,"Kraig",164
1966,"Kreg",30
1966,"Kregg",11
1966,"Kris",1227
1966,"Krisa",6
1966,"Krisandra",9
1966,"Krisann",20
1966,"Krisanne",15
1966,"Krisha",6
1966,"Krishna",12
1966,"Krislyn",6
1966,"Kriss",37
1966,"Krissa",14
1966,"Krissi",6
1966,"Krissie",9
1966,"Krissy",22
1966,"Krist",12
1966,"Krista",846
1966,"Kristal",93
1966,"Kristan",72
1966,"Kriste",15
1966,"Kristee",5
1966,"Kristeen",36
1966,"Kristel",24
1966,"Kristen",2353
1966,"Kristena",10
1966,"Kristene",34
1966,"Kristi",1760
1966,"Kristia",14
1966,"Kristian",74
1966,"Kristiana",5
1966,"Kristianne",6
1966,"Kristie",503
1966,"Kristin",3280
1966,"Kristina",1531
1966,"Kristine",3323
1966,"Kristle",5
1966,"Kristofer",31
1966,"Kristofor",7
1966,"Kriston",7
1966,"Kristopher",205
1966,"Kristy",800
1966,"Kristyn",57
1966,"Kristyne",6
1966,"Krys",5
1966,"Krysta",7
1966,"Krystal",175
1966,"Krysten",9
1966,"Krysti",14
1966,"Krystin",7
1966,"Krystina",6
1966,"Krystine",6
1966,"Krystn",7
1966,"Krystyna",18
1967,"Kraig",172
1967,"Kreg",22
1967,"Kregg",18
1967,"Kris",1043
1967,"Krisan",9
1967,"Krisandra",6
1967,"Krisann",21
1967,"Krisanne",23
1967,"Krisha",5
1967,"Krishna",21
1967,"Krisi",6
1967,"Kriss",38
1967,"Krissa",8
1967,"Krissy",20
1967,"Krist",5
1967,"Krista",865
1967,"Kristal",99
1967,"Kristan",106
1967,"Kriste",20
1967,"Kristee",13
1967,"Kristeen",33
1967,"Kristel",26
1967,"Kristelle",5
1967,"Kristen",2780
1967,"Kristena",6
1967,"Kristene",36
1967,"Kristi",2011
1967,"Kristia",7
1967,"Kristian",101
1967,"Kristiana",5
1967,"Kristiann",6
1967,"Kristianne",9
1967,"Kristie",672
1967,"Kristin",3618
1967,"Kristina",1791
1967,"Kristine",3299
1967,"Kristinia",5
1967,"Kristl",10
1967,"Kristle",9
1967,"Kristofer",23
1967,"Kristoffer",5
1967,"Kriston",12
1967,"Kristopher",191
1967,"Kristy",845
1967,"Kristyn",50
1967,"Kristyne",6
1967,"Krisy",6
1967,"Krysta",12
1967,"Krystal",172
1967,"Krysten",10
1967,"Krysti",11
1967,"Krystin",15
1967,"Krystina",5
1967,"Krystyn",5
1967,"Krystyna",10
1968,"Krag",6
1968,"Kraig",212
1968,"Kreg",36
1968,"Kregg",10
1968,"Kreig",12
1968,"Krik",6
1968,"Kris",880
1968,"Krisa",10
1968,"Krisandra",6
1968,"Krisann",22
1968,"Krisanne",11
1968,"Krisha",6
1968,"Krishna",29
1968,"Krisi",11
1968,"Kriss",32
1968,"Krissa",6
1968,"Krissie",10
1968,"Krissy",24
1968,"Krist",5
1968,"Krista",1047
1968,"Kristal",159
1968,"Kristan",107
1968,"Kriste",20
1968,"Kristee",14
1968,"Kristeen",24
1968,"Kristeena",5
1968,"Kristel",24
1968,"Kristen",3268
1968,"Kristena",14
1968,"Kristene",38
1968,"Krister",5
1968,"Kristi",2315
1968,"Kristia",7
1968,"Kristian",110
1968,"Kristiana",6
1968,"Kristianne",10
1968,"Kristie",990
1968,"Kristien",6
1968,"Kristin",4160
1968,"Kristina",2144
1968,"Kristine",3417
1968,"Kristinia",7
1968,"Kristl",5
1968,"Kristle",5
1968,"Kristofer",33
1968,"Kristoffer",7
1968,"Kristol",6
1968,"Kriston",18
1968,"Kristopher",208
1968,"Kristy",1062
1968,"Kristyn",96
1968,"Kristyne",8
1968,"Krysia",5
1968,"Krysta",11
1968,"Krystal",236
1968,"Krysten",11
1968,"Krysti",11
1968,"Krystin",15
1968,"Krystina",16
1968,"Krystine",8
1968,"Krystyna",9
1969,"Kraig",189
1969,"Kreg",36
1969,"Kregg",13
1969,"Kris",894
1969,"Krisa",5
1969,"Krisan",6
1969,"Krisann",19
1969,"Krisanne",10
1969,"Krisha",9
1969,"Krishna",35
1969,"Krisi",5
1969,"Kriss",20
1969,"Krissa",11
1969,"Krissi",7
1969,"Krissie",9
1969,"Krissy",24
1969,"Krist",16
1969,"Krista",1322
1969,"Kristal",150
1969,"Kristan",125
1969,"Kriste",19
1969,"Kristee",9
1969,"Kristeen",27
1969,"Kristel",36
1969,"Kristen",3855
1969,"Kristena",15
1969,"Kristene",41
1969,"Kristi",2656
1969,"Kristia",9
1969,"Kristian",184
1969,"Kristiana",11
1969,"Kristiane",5
1969,"Kristiann",11
1969,"Kristianna",9
1969,"Kristianne",11
1969,"Kristie",1310
1969,"Kristien",5
1969,"Kristin",4805
1969,"Kristina",2472
1969,"Kristine",3338
1969,"Kristl",10
1969,"Kristle",11
1969,"Kristofer",36
1969,"Kristoffer",6
1969,"Kristol",6
1969,"Kriston",21
1969,"Kristopher",264
1969,"Kristy",1381
1969,"Kristyn",91
1969,"Kristyna",7
1969,"Kristyne",12
1969,"Krys",5
1969,"Krysta",16
1969,"Krystal",234
1969,"Krysten",6
1969,"Krysti",14
1969,"Krystin",16
1969,"Krystina",7
1969,"Krystine",11
1969,"Krystle",5
1969,"Krystn",5
1969,"Krystyn",5
1969,"Krystyna",11
1970,"Kraig",211
1970,"Kreg",37
1970,"Kregg",19
1970,"Kreig",7
1970,"Kresha",6
1970,"Kresta",5
1970,"Kris",855
1970,"Krisa",9
1970,"Krisandra",9
1970,"Krisann",15
1970,"Krisanne",14
1970,"Krish",5
1970,"Krisha",15
1970,"Krishna",51
1970,"Krisi",10
1970,"Kriss",28
1970,"Krissa",32
1970,"Krissi",6
1970,"Krissie",15
1970,"Krissy",48
1970,"Krist",5
1970,"Krista",2596
1970,"Kristal",197
1970,"Kristalyn",5
1970,"Kristan",148
1970,"Kriste",28
1970,"Kristee",23
1970,"Kristeen",51
1970,"Kristel",49
1970,"Kristelle",9
1970,"Kristen",4649
1970,"Kristena",23
1970,"Kristene",42
1970,"Kristey",6
1970,"Kristi",3155
1970,"Kristia",11
1970,"Kristian",212
1970,"Kristiana",19
1970,"Kristiane",6
1970,"Kristianna",8
1970,"Kristianne",11
1970,"Kristie",1792
1970,"Kristin",5706
1970,"Kristina",3141
1970,"Kristine",3542
1970,"Kristinia",9
1970,"Kristle",8
1970,"Kristn",5
1970,"Kristofer",53
1970,"Kristoffer",25
1970,"Kristofor",9
1970,"Kristol",6
1970,"Kriston",24
1970,"Kristopher",363
1970,"Kristy",1632
1970,"Kristye",8
1970,"Kristyl",7
1970,"Kristyn",90
1970,"Kristyne",14
1970,"Krys",7
1970,"Krysia",6
1970,"Krysta",33
1970,"Krystal",338
1970,"Krysten",17
1970,"Krysti",11
1970,"Krystie",5
1970,"Krystin",7
1970,"Krystina",11
1970,"Krystine",10
1970,"Krystyn",6
1970,"Krystyna",13
1970,"Krzysztof",8
1971,"Kraig",180
1971,"Kreg",25
1971,"Kregg",12
1971,"Kresta",17
1971,"Kris",719
1971,"Krisa",5
1971,"Krisandra",9
1971,"Krisann",20
1971,"Krisanne",15
1971,"Krisha",18
1971,"Krishna",92
1971,"Krisi",5
1971,"Krisie",6
1971,"Kriss",18
1971,"Krissa",12
1971,"Krissi",9
1971,"Krissie",14
1971,"Krissy",43
1971,"Krist",12
1971,"Krista",2417
1971,"Kristal",260
1971,"Kristalyn",6
1971,"Kristan",140
1971,"Kristana",5
1971,"Kriste",27
1971,"Kristee",20
1971,"Kristeen",53
1971,"Kristeena",8
1971,"Kristel",47
1971,"Kristen",4015
1971,"Kristena",17
1971,"Kristene",45
1971,"Kristi",3277
1971,"Kristia",14
1971,"Kristian",272
1971,"Kristiana",11
1971,"Kristiane",7
1971,"Kristianne",17
1971,"Kristie",1875
1971,"Kristin",4918
1971,"Kristina",3066
1971,"Kristine",2969
1971,"Kristinia",14
1971,"Kristle",11
1971,"Kristofer",72
1971,"Kristoffer",42
1971,"Kristofor",10
1971,"Kristol",10
1971,"Kriston",21
1971,"Kristopher",462
1971,"Kristy",1826
1971,"Kristyl",8
1971,"Kristyn",119
1971,"Kristyna",6
1971,"Kristyne",10
1971,"Krysta",30
1971,"Krystal",384
1971,"Krystel",5
1971,"Krysten",11
1971,"Krysti",6
1971,"Krystie",9
1971,"Krystin",11
1971,"Krystina",12
1971,"Krystle",5
1971,"Krystyn",5
1971,"Krystyna",13
1971,"Krzysztof",6
1972,"Kraig",152
1972,"Kreg",23
1972,"Kregg",11
1972,"Kresta",14
1972,"Kris",674
1972,"Krisann",14
1972,"Krisanne",9
1972,"Krisha",17
1972,"Krishna",68
1972,"Krisi",5
1972,"Krisinda",16
1972,"Krislyn",5
1972,"Kriss",15
1972,"Krissa",11
1972,"Krissandra",5
1972,"Krissi",7
1972,"Krissie",13
1972,"Krissy",43
1972,"Krist",9
1972,"Krista",2062
1972,"Kristal",250
1972,"Kristalyn",9
1972,"Kristan",121
1972,"Kriste",26
1972,"Kristee",15
1972,"Kristeen",49
1972,"Kristeena",9
1972,"Kristel",57
1972,"Kristen",3585
1972,"Kristena",24
1972,"Kristene",44
1972,"Kristi",3142
1972,"Kristia",7
1972,"Kristian",267
1972,"Kristiana",19
1972,"Kristiane",11
1972,"Kristiann",11
1972,"Kristianna",10
1972,"Kristianne",7
1972,"Kristie",1745
1972,"Kristieann",5
1972,"Kristien",10
1972,"Kristin",4662
1972,"Kristina",2934
1972,"Kristine",2380
1972,"Kristinia",5
1972,"Kristinn",5
1972,"Kristl",5
1972,"Kristle",8
1972,"Kristna",5
1972,"Kristof",5
1972,"Kristofer",107
1972,"Kristoffer",76
1972,"Kristofor",23
1972,"Kristol",9
1972,"Kriston",25
1972,"Kristopher",718
1972,"Kristy",1838
1972,"Kristye",5
1972,"Kristyn",93
1972,"Kristyna",7
1972,"Krysta",22
1972,"Krystal",454
1972,"Krysten",10
1972,"Krysti",12
1972,"Krystin",10
1972,"Krystina",16
1972,"Krystine",10
1972,"Krystl",5
1972,"Krystle",9
1972,"Krystol",5
1972,"Krystyn",6
1972,"Krystyna",22
1972,"Krzysztof",7
1973,"Kraig",125
1973,"Kreg",24
1973,"Kregg",8
1973,"Kresha",5
1973,"Kresta",10
1973,"Kreston",6
1973,"Kris",572
1973,"Krisa",14
1973,"Krisandra",5
1973,"Krisann",13
1973,"Krisanne",8
1973,"Kriscinda",6
1973,"Krisha",18
1973,"Krishna",60
1973,"Krisi",7
1973,"Krisinda",53
1973,"Kriss",6
1973,"Krissa",10
1973,"Krissi",8
1973,"Krissie",8
1973,"Krissy",41
1973,"Krist",5
1973,"Krista",1959
1973,"Kristain",6
1973,"Kristal",246
1973,"Kristan",124
1973,"Kristanne",6
1973,"Kriste",20
1973,"Kristee",17
1973,"Kristeen",30
1973,"Kristeena",6
1973,"Kristel",72
1973,"Kristen",4995
1973,"Kristena",17
1973,"Kristene",32
1973,"Kristi",2854
1973,"Kristia",15
1973,"Kristian",287
1973,"Kristiana",17
1973,"Kristianna",8
1973,"Kristianne",8
1973,"Kristie",1716
1973,"Kristin",3960
1973,"Kristina",3043
1973,"Kristine",2163
1973,"Kristinia",12
1973,"Kristl",5
1973,"Kristle",10
1973,"Kristofer",142
1973,"Kristoffer",113
1973,"Kristofor",32
1973,"Kristol",6
1973,"Kriston",35
1973,"Kristopher",988
1973,"Kristy",1891
1973,"Kristye",8
1973,"Kristyl",6
1973,"Kristyn",83
1973,"Kristyne",10
1973,"Kritina",5
1973,"Krysta",25
1973,"Krystal",479
1973,"Krystel",9
1973,"Krysten",24
1973,"Krysti",13
1973,"Krystie",7
1973,"Krystin",11
1973,"Krystina",7
1973,"Krystine",6
1973,"Krystle",6
1973,"Krystyna",16
1974,"Kraig",99
1974,"Kreg",20
1974,"Kregg",8
1974,"Kresha",9
1974,"Kresta",15
1974,"Kricket",6
1974,"Kris",584
1974,"Krisann",11
1974,"Krisanne",6
1974,"Krisha",44
1974,"Krishna",55
1974,"Krisie",5
1974,"Krisinda",16
1974,"Krislyn",6
1974,"Kriss",12
1974,"Krissa",9
1974,"Krissi",7
1974,"Krissie",20
1974,"Krissy",31
1974,"Krist",7
1974,"Krista",1815
1974,"Kristal",217
1974,"Kristalyn",8
1974,"Kristan",125
1974,"Kriste",27
1974,"Kristee",24
1974,"Kristeen",29
1974,"Kristeena",7
1974,"Kristel",52
1974,"Kristen",6123
1974,"Kristena",11
1974,"Kristene",26
1974,"Krister",5
1974,"Kristi",2893
1974,"Kristia",5
1974,"Kristian",288
1974,"Kristiana",22
1974,"Kristiane",5
1974,"Kristiann",8
1974,"Kristianna",6
1974,"Kristianne",7
1974,"Kristie",2039
1974,"Kristien",17
1974,"Kristin",4302
1974,"Kristina",2898
1974,"Kristine",1870
1974,"Kristinia",11
1974,"Kristl",5
1974,"Kristle",23
1974,"Kristn",6
1974,"Kristofer",193
1974,"Kristoffer",156
1974,"Kristofor",24
1974,"Kristol",8
1974,"Kriston",30
1974,"Kristopher",1320
1974,"Kristy",2100
1974,"Kristyn",93
1974,"Kristyna",6
1974,"Kristyne",10
1974,"Krysta",30
1974,"Krystal",473
1974,"Krystel",5
1974,"Krysten",21
1974,"Krysti",18
1974,"Krystie",5
1974,"Krystin",14
1974,"Krystina",12
1974,"Krystine",8
1974,"Krystle",6
1974,"Krysty",5
1974,"Krystyna",19
1974,"Krzysztof",6
1975,"Kraig",110
1975,"Kreg",29
1975,"Kregg",8
1975,"Kresta",33
1975,"Kris",463
1975,"Krisa",9
1975,"Krisandra",9
1975,"Krisann",8
1975,"Krisanne",10
1975,"Krisha",50
1975,"Krishana",5
1975,"Krishna",53
1975,"Krisi",6
1975,"Krisinda",5
1975,"Krislyn",7
1975,"Kriss",10
1975,"Krissa",11
1975,"Krissi",5
1975,"Krissie",10
1975,"Krissy",23
1975,"Krist",5
1975,"Krista",1698
1975,"Kristal",236
1975,"Kristan",123
1975,"Kriste",17
1975,"Kristee",18
1975,"Kristeen",33
1975,"Kristeena",6
1975,"Kristel",57
1975,"Kristelle",5
1975,"Kristen",4747
1975,"Kristena",18
1975,"Kristene",29
1975,"Kristi",2654
1975,"Kristia",7
1975,"Kristian",325
1975,"Kristiana",17
1975,"Kristiane",5
1975,"Kristiann",6
1975,"Kristianna",12
1975,"Kristianne",11
1975,"Kristie",1824
1975,"Kristien",6
1975,"Kristin",3956
1975,"Kristina",2753
1975,"Kristine",1560
1975,"Kristinia",7
1975,"Kristle",18
1975,"Kristofer",175
1975,"Kristoffer",109
1975,"Kristofor",45
1975,"Kristol",10
1975,"Kriston",30
1975,"Kristopher",1244
1975,"Kristy",1926
1975,"Kristyl",8
1975,"Kristyn",98
1975,"Krysia",5
1975,"Krysta",36
1975,"Krystal",485
1975,"Krysten",17
1975,"Krysti",11
1975,"Krystie",7
1975,"Krystin",12
1975,"Krystina",19
1975,"Krystyna",16
1976,"Kraig",93
1976,"Kreg",18
1976,"Kregg",11
1976,"Kresha",6
1976,"Kresta",13
1976,"Kricket",5
1976,"Kris",409
1976,"Krisa",5
1976,"Krisandra",7
1976,"Krisanne",6
1976,"Krisha",32
1976,"Krishan",5
1976,"Krishana",7
1976,"Krishna",44
1976,"Krislyn",6
1976,"Kriss",6
1976,"Krissa",13
1976,"Krissi",14
1976,"Krissie",5
1976,"Krissy",29
1976,"Krist",5
1976,"Krista",1601
1976,"Kristal",262
1976,"Kristalyn",6
1976,"Kristan",88
1976,"Kristana",5
1976,"Kriste",16
1976,"Kristee",17
1976,"Kristeen",20
1976,"Kristel",66
1976,"Kristelle",5
1976,"Kristen",3715
1976,"Kristena",20
1976,"Kristene",14
1976,"Kristey",6
1976,"Kristi",2528
1976,"Kristia",10
1976,"Kristian",295
1976,"Kristiana",16
1976,"Kristiann",7
1976,"Kristianna",6
1976,"Kristianne",6
1976,"Kristie",1629
1976,"Kristien",8
1976,"Kristifer",5
1976,"Kristilyn",5
1976,"Kristin",3694
1976,"Kristina",2985
1976,"Kristine",1365
1976,"Kristinia",9
1976,"Kristle",16
1976,"Kristofer",210
1976,"Kristoffer",87
1976,"Kristofor",22
1976,"Kristol",5
1976,"Kriston",32
1976,"Kristopher",1617
1976,"Kristy",2338
1976,"Kristyl",6
1976,"Kristyn",95
1976,"Kristyna",12
1976,"Kristyne",10
1976,"Krysta",28
1976,"Krystal",550
1976,"Krystel",9
1976,"Krysten",18
1976,"Krysti",10
1976,"Krystie",6
1976,"Krystin",13
1976,"Krystina",22
1976,"Krystine",9
1976,"Krystle",8
1976,"Krystn",5
1976,"Krystyn",7
1976,"Krystyna",15
1976,"Krzysztof",5
1977,"Kraig",81
1977,"Kregg",6
1977,"Kresha",6
1977,"Kresta",12
1977,"Krin",5
1977,"Kris",508
1977,"Krisann",14
1977,"Krisha",55
1977,"Krishana",9
1977,"Krishanda",5
1977,"Krishna",48
1977,"Krisi",6
1977,"Krisie",5
1977,"Krislyn",8
1977,"Krissa",21
1977,"Krissi",12
1977,"Krissie",18
1977,"Krissy",59
1977,"Krist",13
1977,"Krista",1771
1977,"Kristain",5
1977,"Kristal",330
1977,"Kristalee",7
1977,"Kristalyn",6
1977,"Kristan",97
1977,"Kriste",22
1977,"Kristee",19
1977,"Kristeen",29
1977,"Kristeena",10
1977,"Kristel",83
1977,"Kristen",3931
1977,"Kristena",17
1977,"Kristene",29
1977,"Kristi",2808
1977,"Kristia",6
1977,"Kristian",341
1977,"Kristiana",27
1977,"Kristiann",8
1977,"Kristianna",6
1977,"Kristianne",5
1977,"Kristie",1757
1977,"Kristien",25
1977,"Kristilyn",5
1977,"Kristin",3664
1977,"Kristina",3558
1977,"Kristine",1564
1977,"Kristinia",7
1977,"Kristl",5
1977,"Kristle",13
1977,"Kristofer",345
1977,"Kristoff",5
1977,"Kristoffer",223
1977,"Kristofor",35
1977,"Kristol",13
1977,"Kriston",23
1977,"Kristopher",2361
1977,"Kristophor",6
1977,"Kristy",4063
1977,"Kristyann",8
1977,"Kristyl",12
1977,"Kristyn",114
1977,"Kristyna",15
1977,"Kristyne",8
1977,"Krisy",10
1977,"Krysia",5
1977,"Krysta",50
1977,"Krystal",847
1977,"Krystall",8
1977,"Kryste",5
1977,"Krystel",12
1977,"Krysten",15
1977,"Krysti",14
1977,"Krystie",16
1977,"Krystin",13
1977,"Krystina",20
1977,"Krystine",6
1977,"Krystle",11
1977,"Krysty",6
1977,"Krystyn",7
1977,"Krystyna",17
1977,"Krzysztof",8
1978,"Kraig",90
1978,"Kreg",11
1978,"Kregg",9
1978,"Kresha",7
1978,"Kresta",8
1978,"Kris",510
1978,"Krisa",9
1978,"Krisandra",5
1978,"Krisann",5
1978,"Krisanne",7
1978,"Krisha",57
1978,"Krishana",12
1978,"Krishelle",5
1978,"Krishna",46
1978,"Krisi",16
1978,"Krisie",10
1978,"Krislyn",6
1978,"Krissa",19
1978,"Krissandra",5
1978,"Krissi",42
1978,"Krissie",31
1978,"Krissy",202
1978,"Krist",9
1978,"Krista",1743
1978,"Kristal",365
1978,"Kristalyn",11
1978,"Kristan",110
1978,"Kristapher",6
1978,"Kriste",21
1978,"Kristee",29
1978,"Kristeen",35
1978,"Kristeena",11
1978,"Kristel",108
1978,"Kristell",5
1978,"Kristelle",5
1978,"Kristen",4424
1978,"Kristena",20
1978,"Kristene",27
1978,"Kristi",2998
1978,"Kristia",15
1978,"Kristian",295
1978,"Kristiana",22
1978,"Kristiane",8
1978,"Kristianna",8
1978,"Kristianne",14
1978,"Kristie",1625
1978,"Kristien",13
1978,"Kristilyn",7
1978,"Kristin",3867
1978,"Kristina",4239
1978,"Kristine",1732
1978,"Kristinia",14
1978,"Kristinna",6
1978,"Kristle",12
1978,"Kristofer",349
1978,"Kristoffer",305
1978,"Kristofor",50
1978,"Kristol",14
1978,"Kriston",29
1978,"Kristoper",5
1978,"Kristopher",2534
1978,"Kristy",5352
1978,"Kristyann",6
1978,"Kristyl",11
1978,"Kristyn",119
1978,"Kristyna",10
1978,"Krisy",16
1978,"Krysia",7
1978,"Krysta",60
1978,"Krystal",1080
1978,"Krystel",11
1978,"Krysten",24
1978,"Krysti",24
1978,"Krystie",8
1978,"Krystin",23
1978,"Krystina",27
1978,"Krystine",9
1978,"Krystl",5
1978,"Krystle",14
1978,"Krystol",8
1978,"Krystyn",6
1978,"Krystyna",26
1979,"Kraig",103
1979,"Kreg",15
1979,"Kregg",7
1979,"Kresha",5
1979,"Kresta",11
1979,"Kris",402
1979,"Krisa",8
1979,"Krisann",6
1979,"Krisanne",13
1979,"Krisha",26
1979,"Krishana",12
1979,"Krishna",36
1979,"Krisi",15
1979,"Krisie",9
1979,"Krisinda",6
1979,"Krislyn",7
1979,"Kriss",15
1979,"Krissa",17
1979,"Krissi",23
1979,"Krissie",28
1979,"Krissy",189
1979,"Krista",2219
1979,"Kristal",425
1979,"Kristalle",5
1979,"Kristalyn",12
1979,"Kristan",152
1979,"Kristana",5
1979,"Kriste",25
1979,"Kristee",22
1979,"Kristeen",22
1979,"Kristeena",12
1979,"Kristel",78
1979,"Kristelle",6
1979,"Kristen",4632
1979,"Kristena",17
1979,"Kristene",18
1979,"Kristi",2807
1979,"Kristia",12
1979,"Kristian",288
1979,"Kristiana",14
1979,"Kristiann",8
1979,"Kristianna",9
1979,"Kristianne",14
1979,"Kristie",1407
1979,"Kristien",6
1979,"Kristilyn",5
1979,"Kristin",4323
1979,"Kristina",4151
1979,"Kristine",1455
1979,"Kristinia",11
1979,"Kristjana",6
1979,"Kristle",17
1979,"Kristofer",247
1979,"Kristoffer",140
1979,"Kristofor",43
1979,"Kristol",15
1979,"Kriston",32
1979,"Kristopher",2370
1979,"Kristy",4892
1979,"Kristyanne",5
1979,"Kristye",5
1979,"Kristyl",12
1979,"Kristyn",143
1979,"Kristyna",13
1979,"Kristyne",10
1979,"Krisy",12
1979,"Krysia",9
1979,"Krysta",85
1979,"Krystal",1170
1979,"Krystalyn",6
1979,"Krystel",15
1979,"Krysten",26
1979,"Krysti",29
1979,"Krystie",7
1979,"Krystin",20
1979,"Krystina",32
1979,"Krystine",6
1979,"Krystle",14
1979,"Krystol",5
1979,"Krystopher",7
1979,"Krystyn",5
1979,"Krystyna",21
1979,"Krzysztof",11
1980,"Kraig",89
1980,"Kreg",15
1980,"Kregg",9
1980,"Kresha",6
1980,"Kresta",5
1980,"Kris",310
1980,"Krisandra",5
1980,"Krisann",7
1980,"Krisanne",5
1980,"Krisha",37
1980,"Krishana",10
1980,"Krishanda",8
1980,"Krishaun",6
1980,"Krishauna",8
1980,"Krishawn",7
1980,"Krishna",41
1980,"Krisi",16
1980,"Krisie",6
1980,"Krislyn",11
1980,"Krisna",5
1980,"Kriss",8
1980,"Krissa",31
1980,"Krissi",27
1980,"Krissie",28
1980,"Krissy",149
1980,"Krist",7
1980,"Krista",2538
1980,"Kristain",12
1980,"Kristal",401
1980,"Kristalee",5
1980,"Kristalyn",14
1980,"Kristan",220
1980,"Kristapher",6
1980,"Kriste",15
1980,"Kristee",21
1980,"Kristeen",19
1980,"Kristeena",5
1980,"Kristel",108
1980,"Kristelle",5
1980,"Kristen",7384
1980,"Kristena",20
1980,"Kristene",18
1980,"Krister",5
1980,"Kristi",2540
1980,"Kristia",22
1980,"Kristian",251
1980,"Kristiana",29
1980,"Kristiane",6
1980,"Kristiann",10
1980,"Kristianna",9
1980,"Kristianne",13
1980,"Kristie",1083
1980,"Kristifer",5
1980,"Kristilyn",7
1980,"Kristilynn",5
1980,"Kristin",7769
1980,"Kristina",4242
1980,"Kristine",1432
1980,"Kristinia",7
1980,"Kristle",18
1980,"Kristofer",220
1980,"Kristoffer",142
1980,"Kristofor",46
1980,"Kristol",20
1980,"Kriston",57
1980,"Kristopher",2025
1980,"Kristy",4075
1980,"Kristyann",5
1980,"Kristyn",223
1980,"Kristyna",17
1980,"Kristyne",7
1980,"Krisy",6
1980,"Krizia",6
1980,"Krupa",5
1980,"Krysia",6
1980,"Krysta",86
1980,"Krystal",1163
1980,"Krystall",9
1980,"Krystel",17
1980,"Krysten",48
1980,"Krysti",19
1980,"Krystie",8
1980,"Krystin",39
1980,"Krystina",32
1980,"Krystl",9
1980,"Krystle",26
1980,"Krystopher",6
1980,"Krystyn",15
1980,"Krystyna",31
1980,"Krzysztof",7
1981,"Kraig",87
1981,"Kreg",13
1981,"Kresha",5
1981,"Kresta",7
1981,"Kreston",5
1981,"Kris",228
1981,"Krisa",10
1981,"Krisann",7
1981,"Krisanne",8
1981,"Krisha",48
1981,"Krishana",9
1981,"Krishauna",5
1981,"Krishawna",8
1981,"Krishna",34
1981,"Krishonda",6
1981,"Krisi",8
1981,"Krislyn",7
1981,"Krissa",27
1981,"Krissandra",6
1981,"Krissi",19
1981,"Krissie",20
1981,"Krissy",97
1981,"Krista",1848
1981,"Kristain",13
1981,"Kristal",495
1981,"Kristalyn",15
1981,"Kristan",212
1981,"Kristapher",5
1981,"Kriste",18
1981,"Kristee",13
1981,"Kristeen",33
1981,"Kristeena",14
1981,"Kristel",129
1981,"Kristelle",6
1981,"Kristen",8593
1981,"Kristena",20
1981,"Kristene",17
1981,"Krister",6
1981,"Kristey",5
1981,"Kristi",2214
1981,"Kristia",8
1981,"Kristian",288
1981,"Kristiana",21
1981,"Kristiann",6
1981,"Kristianna",14
1981,"Kristianne",12
1981,"Kristie",978
1981,"Kristien",8
1981,"Kristiina",5
1981,"Kristil",5
1981,"Kristin",9800
1981,"Kristina",4074
1981,"Kristine",1368
1981,"Kristinia",9
1981,"Kristl",27
1981,"Kristle",62
1981,"Kristne",6
1981,"Kristofer",230
1981,"Kristoffer",161
1981,"Kristofor",52
1981,"Kristol",25
1981,"Kriston",44
1981,"Kristopher",1951
1981,"Kristy",3275
1981,"Kristye",6
1981,"Kristyl",12
1981,"Kristyn",298
1981,"Kristyna",19
1981,"Kristyne",6
1981,"Krisy",6
1981,"Kruti",6
1981,"Krysta",108
1981,"Krystal",2133
1981,"Krystale",10
1981,"Krystalyn",12
1981,"Krystan",6
1981,"Krystel",29
1981,"Krysten",62
1981,"Krysti",22
1981,"Krystie",15
1981,"Krystin",80
1981,"Krystina",35
1981,"Krystine",14
1981,"Krystl",11
1981,"Krystle",448
1981,"Krystn",7
1981,"Krystopher",5
1981,"Krystyn",20
1981,"Krystyna",27
1981,"Krzysztof",14
1982,"Kraig",105
1982,"Kramer",9
1982,"Kreg",17
1982,"Kregg",5
1982,"Kresha",7
1982,"Kresta",5
1982,"Kricket",5
1982,"Kris",182
1982,"Krisa",7
1982,"Krisandra",9
1982,"Krisann",6
1982,"Krisanne",6
1982,"Krisha",27
1982,"Krishawna",6
1982,"Krishna",35
1982,"Krisi",8
1982,"Krisie",5
1982,"Krisit",5
1982,"Krislyn",12
1982,"Krisna",5
1982,"Krisopher",5
1982,"Kriss",5
1982,"Krissa",32
1982,"Krissi",12
1982,"Krissie",13
1982,"Krissy",63
1982,"Krista",1702
1982,"Kristafer",6
1982,"Kristain",8
1982,"Kristal",582
1982,"Kristalyn",11
1982,"Kristan",236
1982,"Kristapher",6
1982,"Kriste",7
1982,"Kristee",18
1982,"Kristeen",15
1982,"Kristeena",12
1982,"Kristel",144
1982,"Kristell",7
1982,"Kristelle",6
1982,"Kristen",9597
1982,"Kristena",17
1982,"Kristene",15
1982,"Kristepher",5
1982,"Krister",5
1982,"Kristi",2153
1982,"Kristia",9
1982,"Kristian",308
1982,"Kristiana",22
1982,"Kristiane",6
1982,"Kristiann",9
1982,"Kristianna",10
1982,"Kristianne",5
1982,"Kristie",938
1982,"Kristien",5
1982,"Kristifer",6
1982,"Kristijo",5
1982,"Kristil",5
1982,"Kristin",8793
1982,"Kristina",4165
1982,"Kristine",1237
1982,"Kristinia",6
1982,"Kristjan",5
1982,"Kristl",11
1982,"Kristle",78
1982,"Kristna",5
1982,"Kristof",6
1982,"Kristofer",285
1982,"Kristoffer",141
1982,"Kristofor",46
1982,"Kristol",18
1982,"Kriston",50
1982,"Kristopher",2210
1982,"Kristy",2854
1982,"Kristyann",7
1982,"Kristyl",15
1982,"Kristyle",5
1982,"Kristyn",289
1982,"Kristyna",13
1982,"Krisy",7
1982,"Krizia",7
1982,"Krupa",5
1982,"Krysta",151
1982,"Krystal",3517
1982,"Krystale",13
1982,"Krystall",5
1982,"Krystalyn",8
1982,"Krystan",11
1982,"Krystel",38
1982,"Krysten",87
1982,"Krysti",30
1982,"Krystie",19
1982,"Krystil",6
1982,"Krystin",93
1982,"Krystina",53
1982,"Krystine",10
1982,"Krystl",19
1982,"Krystle",921
1982,"Krystn",7
1982,"Krystol",12
1982,"Krystopher",10
1982,"Krystyl",8
1982,"Krystyn",20
1982,"Krystyna",26
1982,"Krzysztof",13
1983,"Kraig",96
1983,"Kramer",6
1983,"Kreg",14
1983,"Kregg",7
1983,"Kreston",7
1983,"Krikor",9
1983,"Kris",163
1983,"Krisandra",7
1983,"Krisann",9
1983,"Krisha",26
1983,"Krishan",6
1983,"Krishauna",6
1983,"Krishawna",10
1983,"Krishna",32
1983,"Krisi",10
1983,"Krislyn",19
1983,"Krissa",21
1983,"Krissandra",5
1983,"Krissi",8
1983,"Krissie",22
1983,"Krissy",60
1983,"Krista",2053
1983,"Kristain",6
1983,"Kristal",544
1983,"Kristalee",5
1983,"Kristalyn",16
1983,"Kristan",195
1983,"Kristapher",9
1983,"Kriste",7
1983,"Kristee",13
1983,"Kristeen",18
1983,"Kristeena",12
1983,"Kristel",129
1983,"Kristen",8674
1983,"Kristena",14
1983,"Kristene",21
1983,"Krister",5
1983,"Kristi",1870
1983,"Kristia",10
1983,"Kristian",238
1983,"Kristiana",24
1983,"Kristiann",7
1983,"Kristianna",8
1983,"Kristianne",9
1983,"Kristie",791
1983,"Kristien",5
1983,"Kristin",7304
1983,"Kristina",4401
1983,"Kristine",1259
1983,"Kristinia",13
1983,"Kristjan",7
1983,"Kristle",82
1983,"Kristn",5
1983,"Kristofer",244
1983,"Kristoff",5
1983,"Kristoffer",126
1983,"Kristofor",46
1983,"Kristol",12
1983,"Kriston",41
1983,"Kristoper",6
1983,"Kristopfer",5
1983,"Kristopher",2024
1983,"Kristophor",5
1983,"Kristos",5
1983,"Kristy",2241
1983,"Kristyl",14
1983,"Kristyn",247
1983,"Kristyna",25
1983,"Kristyne",6
1983,"Krizia",10
1983,"Krsna",5
1983,"Krupa",7
1983,"Kruti",6
1983,"Krysta",161
1983,"Krystal",3729
1983,"Krystale",14
1983,"Krystall",6
1983,"Krystalyn",14
1983,"Krystalynn",7
1983,"Krystan",12
1983,"Krystel",60
1983,"Krysten",102
1983,"Krysti",38
1983,"Krystian",5
1983,"Krystie",22
1983,"Krystil",6
1983,"Krystin",82
1983,"Krystina",85
1983,"Krystine",11
1983,"Krystl",10
1983,"Krystle",1075
1983,"Krystopher",11
1983,"Krystyl",10
1983,"Krystyn",25
1983,"Krystyna",41
1983,"Krzysztof",13
1984,"Kraig",109
1984,"Kreg",14
1984,"Kregg",13
1984,"Kreig",10
1984,"Kresta",5
1984,"Krieg",7
1984,"Kris",156
1984,"Krisa",5
1984,"Krisan",5
1984,"Krisandra",10
1984,"Krisann",8
1984,"Krisanna",6
1984,"Krisanne",9
1984,"Krish",5
1984,"Krisha",24
1984,"Krishawna",5
1984,"Krishna",45
1984,"Krisi",7
1984,"Krislyn",5
1984,"Kriss",8
1984,"Krissa",18
1984,"Krissi",9
1984,"Krissie",7
1984,"Krissy",60
1984,"Krista",2178
1984,"Kristain",10
1984,"Kristal",490
1984,"Kristalyn",14
1984,"Kristan",224
1984,"Kristana",5
1984,"Kristee",8
1984,"Kristeen",22
1984,"Kristeena",15
1984,"Kristel",100
1984,"Kristen",8446
1984,"Kristena",24
1984,"Kristene",15
1984,"Kristi",1771
1984,"Kristia",18
1984,"Kristian",364
1984,"Kristiana",33
1984,"Kristiane",6
1984,"Kristiann",6
1984,"Kristianna",16
1984,"Kristianne",12
1984,"Kristie",767
1984,"Kristien",9
1984,"Kristifer",7
1984,"Kristilyn",5
1984,"Kristin",7058
1984,"Kristina",4342
1984,"Kristine",1365
1984,"Kristinia",13
1984,"Kristjan",5
1984,"Kristle",62
1984,"Kristn",6
1984,"Kristofer",240
1984,"Kristoffer",115
1984,"Kristofor",58
1984,"Kristol",15
1984,"Kriston",41
1984,"Kristopher",2002
1984,"Kristy",2164
1984,"Kristyl",18
1984,"Kristyn",295
1984,"Kristyna",20
1984,"Kristyne",9
1984,"Krisy",8
1984,"Krizia",9
1984,"Krupa",13
1984,"Krysta",184
1984,"Krystal",3948
1984,"Krystale",9
1984,"Krystall",10
1984,"Krystallee",5
1984,"Krystalyn",11
1984,"Krystalynn",5
1984,"Krystan",13
1984,"Krystel",44
1984,"Krysten",106
1984,"Krysti",31
1984,"Krystie",15
1984,"Krystil",6
1984,"Krystin",96
1984,"Krystina",91
1984,"Krystine",30
1984,"Krystle",1116
1984,"Krystn",7
1984,"Krystol",10
1984,"Krystopher",9
1984,"Krystyl",7
1984,"Krystyn",19
1984,"Krystyna",47
1984,"Krzysztof",10
1985,"Kraig",105
1985,"Kramer",5
1985,"Kreg",20
1985,"Kregg",5
1985,"Kreig",11
1985,"Kreston",7
1985,"Kricket",6
1985,"Krieg",8
1985,"Kris",134
1985,"Krisandra",12
1985,"Krisanne",5
1985,"Kriselda",7
1985,"Krish",5
1985,"Krisha",24
1985,"Krishana",6
1985,"Krisheena",6
1985,"Krishna",31
1985,"Krishonda",6
1985,"Krislyn",11
1985,"Kriss",7
1985,"Krissa",20
1985,"Krissi",11
1985,"Krissie",6
1985,"Krissy",40
1985,"Krista",2188
1985,"Kristain",20
1985,"Kristal",452
1985,"Kristalyn",12
1985,"Kristalynn",8
1985,"Kristan",256
1985,"Kriste",13
1985,"Kristee",11
1985,"Kristeen",23
1985,"Kristeena",16
1985,"Kristel",87
1985,"Kristelle",7
1985,"Kristen",8509
1985,"Kristena",25
1985,"Kristene",17
1985,"Kristi",1754
1985,"Kristia",11
1985,"Kristian",458
1985,"Kristiana",33
1985,"Kristiane",5
1985,"Kristiann",8
1985,"Kristianna",6
1985,"Kristianne",10
1985,"Kristie",781
1985,"Kristien",12
1985,"Kristilyn",7
1985,"Kristin",6616
1985,"Kristina",5583
1985,"Kristine",1450
1985,"Kristinejoy",5
1985,"Kristinia",5
1985,"Kristjan",5
1985,"Kristle",97
1985,"Kristofer",272
1985,"Kristoffer",119
1985,"Kristofor",47
1985,"Kristoher",7
1985,"Kristol",15
1985,"Kriston",50
1985,"Kristopher",2127
1985,"Kristy",2021
1985,"Kristyann",6
1985,"Kristyl",17
1985,"Kristylee",7
1985,"Kristyn",313
1985,"Kristyna",34
1985,"Kristyne",10
1985,"Krizia",17
1985,"Krupa",10
1985,"Kruti",9
1985,"Krysta",245
1985,"Krystal",5963
1985,"Krystale",29
1985,"Krystall",17
1985,"Krystalmarie",5
1985,"Krystalyn",24
1985,"Krystalynn",10
1985,"Krystan",15
1985,"Kryste",5
1985,"Krysteen",5
1985,"Krysteena",7
1985,"Krystel",84
1985,"Krystelle",6
1985,"Krysten",173
1985,"Krysti",46
1985,"Krystian",15
1985,"Krystie",38
1985,"Krystil",5
1985,"Krystin",170
1985,"Krystina",365
1985,"Krystine",34
1985,"Krystl",15
1985,"Krystle",2588
1985,"Krystn",8
1985,"Krystol",17
1985,"Krystopher",13
1985,"Krystyl",10
1985,"Krystyn",29
1985,"Krystyna",48
1985,"Krzysztof",8
1986,"Kraig",116
1986,"Kramer",9
1986,"Kreg",26
1986,"Kregg",8
1986,"Kreig",13
1986,"Kricket",5
1986,"Krik",6
1986,"Krikor",7
1986,"Kris",116
1986,"Krisa",8
1986,"Krisandra",6
1986,"Krisann",7
1986,"Krisha",28
1986,"Krishana",5
1986,"Krishauna",5
1986,"Krishelle",8
1986,"Krishna",44
1986,"Krisi",5
1986,"Krislyn",12
1986,"Krisna",5
1986,"Krissa",18
1986,"Krissi",5
1986,"Krissie",8
1986,"Krissy",55
1986,"Krista",3065
1986,"Kristain",13
1986,"Kristal",386
1986,"Kristalyn",12
1986,"Kristalynn",5
1986,"Kristan",233
1986,"Kriste",9
1986,"Kristee",12
1986,"Kristeen",22
1986,"Kristeena",17
1986,"Kristel",52
1986,"Kristen",7907
1986,"Kristena",25
1986,"Kristene",28
1986,"Kristi",1621
1986,"Kristia",7
1986,"Kristian",451
1986,"Kristiana",27
1986,"Kristiann",9
1986,"Kristianna",6
1986,"Kristianne",10
1986,"Kristie",743
1986,"Kristien",14
1986,"Kristiina",5
1986,"Kristilyn",6
1986,"Kristin",6037
1986,"Kristina",4856
1986,"Kristinamarie",8
1986,"Kristine",1375
1986,"Kristinia",12
1986,"Kristjan",5
1986,"Kristle",60
1986,"Kristne",5
1986,"Kristof",9
1986,"Kristofer",301
1986,"Kristoff",10
1986,"Kristoffer",97
1986,"Kristofor",25
1986,"Kristol",8
1986,"Kriston",48
1986,"Kristopher",2011
1986,"Kristy",1792
1986,"Kristyl",10
1986,"Kristyn",318
1986,"Kristyna",31
1986,"Kristyne",9
1986,"Krisy",5
1986,"Krisztina",6
1986,"Krizia",19
1986,"Krupa",12
1986,"Krustal",7
1986,"Krysia",5
1986,"Krysta",292
1986,"Krystal",4954
1986,"Krystale",15
1986,"Krystalin",5
1986,"Krystall",14
1986,"Krystalle",6
1986,"Krystallyn",5
1986,"Krystalyn",15
1986,"Krystalynn",10
1986,"Krystan",28
1986,"Krysteena",5
1986,"Krystel",88
1986,"Krysten",182
1986,"Krystena",10
1986,"Krysti",53
1986,"Krystian",18
1986,"Krystiana",6
1986,"Krystie",38
1986,"Krystil",12
1986,"Krystin",167
1986,"Krystina",246
1986,"Krystine",41
1986,"Krystl",14
1986,"Krystle",1762
1986,"Krystn",5
1986,"Krystol",13
1986,"Krystopher",14
1986,"Krysty",5
1986,"Krystyl",10
1986,"Krystyn",26
1986,"Krystyna",47
1986,"Krystyne",5
1986,"Krzysztof",8
1987,"Kraig",120
1987,"Kramer",11
1987,"Kreg",13
1987,"Kregg",7
1987,"Kreig",6
1987,"Kreigh",7
1987,"Kresha",8
1987,"Kreston",6
1987,"Kricket",8
1987,"Krikor",5
1987,"Kris",134
1987,"Krisa",9
1987,"Krisanne",5
1987,"Krisha",29
1987,"Krishan",5
1987,"Krishana",6
1987,"Krishna",52
1987,"Krislyn",9
1987,"Krislynn",5
1987,"Krissa",25
1987,"Krissandra",5
1987,"Krissi",12
1987,"Krissie",11
1987,"Krissy",36
1987,"Krista",2559
1987,"Kristafer",7
1987,"Kristain",14
1987,"Kristal",356
1987,"Kristalee",5
1987,"Kristalyn",13
1987,"Kristalynn",6
1987,"Kristan",204
1987,"Kristapher",5
1987,"Kristara",10
1987,"Kristee",8
1987,"Kristeen",22
1987,"Kristeena",18
1987,"Kristel",35
1987,"Kristelle",5
1987,"Kristen",7413
1987,"Kristena",31
1987,"Kristene",14
1987,"Krister",5
1987,"Kristi",1419
1987,"Kristia",22
1987,"Kristian",425
1987,"Kristiana",28
1987,"Kristianna",16
1987,"Kristianne",6
1987,"Kristie",689
1987,"Kristien",9
1987,"Kristilyn",5
1987,"Kristilynn",5
1987,"Kristin",5506
1987,"Kristina",5028
1987,"Kristinamarie",5
1987,"Kristine",1374
1987,"Kristinia",11
1987,"Kristle",43
1987,"Kristofer",346
1987,"Kristoffer",99
1987,"Kristofor",17
1987,"Kristol",7
1987,"Kriston",29
1987,"Kristoper",5
1987,"Kristopher",1947
1987,"Kristy",1517
1987,"Kristyann",6
1987,"Kristyl",5
1987,"Kristyn",307
1987,"Kristyna",29
1987,"Kristyne",15
1987,"Krisy",5
1987,"Krizia",36
1987,"Krunal",5
1987,"Krupa",12
1987,"Kruti",7
1987,"Kruz",5
1987,"Krysha",6
1987,"Krysta",307
1987,"Krystal",4389
1987,"Krystalann",7
1987,"Krystale",15
1987,"Krystall",8
1987,"Krystalle",13
1987,"Krystallynn",5
1987,"Krystalyn",14
1987,"Krystalynn",7
1987,"Krystan",29
1987,"Krysteena",7
1987,"Krystel",43
1987,"Krystelle",11
1987,"Krysten",192
1987,"Krystena",5
1987,"Krysti",51
1987,"Krystian",19
1987,"Krystiana",5
1987,"Krystie",40
1987,"Krystin",189
1987,"Krystina",480
1987,"Krystine",68
1987,"Krystl",14
1987,"Krystle",1207
1987,"Krystn",8
1987,"Krystofer",6
1987,"Krystol",14
1987,"Krystopher",18
1987,"Krysty",7
1987,"Krystyl",6
1987,"Krystyn",31
1987,"Krystyna",81
1987,"Krystyne",11
1987,"Krzysztof",9
1988,"Kraig",133
1988,"Kramer",15
1988,"Kreg",21
1988,"Kreig",10
1988,"Kresha",7
1988,"Krieg",5
1988,"Kris",120
1988,"Krisa",7
1988,"Krisandra",7
1988,"Krisann",9
1988,"Krisanne",6
1988,"Krisha",22
1988,"Krishan",8
1988,"Krishanda",5
1988,"Krishawna",5
1988,"Krishelle",9
1988,"Krishna",36
1988,"Krisia",7
1988,"Krisie",6
1988,"Krislyn",13
1988,"Krislynn",6
1988,"Krisna",6
1988,"Krissa",20
1988,"Krissi",6
1988,"Krissie",5
1988,"Krissy",35
1988,"Krista",2571
1988,"Kristafer",7
1988,"Kristain",9
1988,"Kristal",319
1988,"Kristalyn",18
1988,"Kristalynn",5
1988,"Kristamarie",6
1988,"Kristan",204
1988,"Kristapher",5
1988,"Kristara",7
1988,"Kristee",7
1988,"Kristeen",27
1988,"Kristeena",13
1988,"Kristel",54
1988,"Kristen",8435
1988,"Kristena",32
1988,"Kristene",12
1988,"Kristi",1234
1988,"Kristia",13
1988,"Kristian",409
1988,"Kristiana",47
1988,"Kristiann",6
1988,"Kristianna",18
1988,"Kristianne",13
1988,"Kristie",742
1988,"Kristien",7
1988,"Kristiena",5
1988,"Kristifer",5
1988,"Kristin",6045
1988,"Kristina",4600
1988,"Kristinamarie",6
1988,"Kristine",1375
1988,"Kristinia",13
1988,"Kristle",36
1988,"Kristof",5
1988,"Kristofer",328
1988,"Kristoffer",107
1988,"Kristofor",24
1988,"Kriston",35
1988,"Kristoper",5
1988,"Kristopher",1966
1988,"Kristy",1287
1988,"Kristyann",5
1988,"Kristyl",6
1988,"Kristyn",414
1988,"Kristyna",28
1988,"Kristyne",23
1988,"Krizia",43
1988,"Krunal",6
1988,"Krupa",15
1988,"Kruti",5
1988,"Kruz",8
1988,"Krysia",6
1988,"Krysta",343
1988,"Krystal",4031
1988,"Krystalann",5
1988,"Krystale",16
1988,"Krystall",11
1988,"Krystallynn",7
1988,"Krystalrose",5
1988,"Krystalyn",22
1988,"Krystalynn",13
1988,"Krystan",19
1988,"Krysteena",6
1988,"Krystel",34
1988,"Krystelle",9
1988,"Krysten",255
1988,"Krystena",7
1988,"Krysti",37
1988,"Krystian",22
1988,"Krystiana",7
1988,"Krystie",37
1988,"Krystin",184
1988,"Krystina",274
1988,"Krystine",70
1988,"Krystl",12
1988,"Krystle",962
1988,"Krystn",7
1988,"Krystofer",7
1988,"Krystol",10
1988,"Kryston",8
1988,"Krystopher",27
1988,"Krystyl",12
1988,"Krystyn",40
1988,"Krystyna",85
1988,"Krystyne",7
1988,"Krzysztof",15
1989,"Kraig",98
1989,"Kramer",70
1989,"Kreg",22
1989,"Kregg",7
1989,"Kreig",14
1989,"Kreigh",6
1989,"Krieg",6
1989,"Krikor",8
1989,"Kris",100
1989,"Krisa",8
1989,"Krisan",5
1989,"Krisandra",9
1989,"Krisann",6
1989,"Krisanna",10
1989,"Krisha",33
1989,"Krishan",8
1989,"Krishana",7
1989,"Krishina",5
1989,"Krishna",56
1989,"Krislyn",19
1989,"Kriss",5
1989,"Krissa",24
1989,"Krissandra",5
1989,"Krissi",9
1989,"Krissia",6
1989,"Krissie",8
1989,"Krissy",33
1989,"Krista",2231
1989,"Kristafer",7
1989,"Kristah",5
1989,"Kristain",18
1989,"Kristal",312
1989,"Kristalyn",16
1989,"Kristalynn",9
1989,"Kristan",224
1989,"Kristara",7
1989,"Kriste",5
1989,"Kristee",11
1989,"Kristeen",25
1989,"Kristeena",18
1989,"Kristel",57
1989,"Kristell",8
1989,"Kristelle",6
1989,"Kristen",8867
1989,"Kristena",29
1989,"Kristene",25
1989,"Krister",5
1989,"Kristi",1173
1989,"Kristia",15
1989,"Kristian",527
1989,"Kristiana",51
1989,"Kristiann",11
1989,"Kristianna",21
1989,"Kristianne",6
1989,"Kristie",636
1989,"Kristien",6
1989,"Kristilyn",7
1989,"Kristin",6105
1989,"Kristina",4828
1989,"Kristine",1384
1989,"Kristinia",8
1989,"Kristinna",6
1989,"Kristle",41
1989,"Kristofe",9
1989,"Kristofer",329
1989,"Kristoff",6
1989,"Kristoffer",102
1989,"Kristofor",20
1989,"Kristol",10
1989,"Kriston",43
1989,"Kristoph",44
1989,"Kristopher",1966
1989,"Kristy",1225
1989,"Kristyan",5
1989,"Kristyann",6
1989,"Kristyl",8
1989,"Kristyn",438
1989,"Kristyna",42
1989,"Kristyne",26
1989,"Kritzia",7
1989,"Krizia",40
1989,"Krupa",13
1989,"Kruti",8
1989,"Kruz",8
1989,"Krysia",10
1989,"Kryslyn",5
1989,"Krysta",278
1989,"Krystal",3809
1989,"Krystale",14
1989,"Krystalina",5
1989,"Krystaline",5
1989,"Krystall",11
1989,"Krystalle",5
1989,"Krystalmae",5
1989,"Krystalyn",20
1989,"Krystalynn",10
1989,"Krystan",20
1989,"Krysteena",9
1989,"Krystel",38
1989,"Krystelle",13
1989,"Krysten",237
1989,"Krystena",15
1989,"Krysti",44
1989,"Krystian",28
1989,"Krystie",39
1989,"Krystil",6
1989,"Krystin",208
1989,"Krystina",321
1989,"Krystine",64
1989,"Krystl",10
1989,"Krystle",807
1989,"Krystn",10
1989,"Krystofer",5
1989,"Krystol",6
1989,"Krystopher",25
1989,"Krysty",5
1989,"Krystyl",8
1989,"Krystyn",42
1989,"Krystyna",86
1989,"Krystyne",14
1989,"Krzysztof",18
1990,"Kraig",116
1990,"Kramer",68
1990,"Kree",6
1990,"Kreg",17
1990,"Kregg",6
1990,"Kreig",14
1990,"Kreighton",5
1990,"Krikor",7
1990,"Krina",6
1990,"Kris",107
1990,"Krisa",6
1990,"Krisandra",8
1990,"Krisann",6
1990,"Krisanne",7
1990,"Kriselda",5
1990,"Krish",5
1990,"Krisha",28
1990,"Krishan",8
1990,"Krishana",12
1990,"Krishanna",5
1990,"Krishna",63
1990,"Krishon",6
1990,"Krishonda",9
1990,"Krisia",5
1990,"Krisina",6
1990,"Krislyn",23
1990,"Krislynn",10
1990,"Krissa",26
1990,"Krissandra",5
1990,"Krissi",5
1990,"Krissie",7
1990,"Krisstina",5
1990,"Krissy",29
1990,"Krist",7
1990,"Krista",2143
1990,"Kristah",6
1990,"Kristain",23
1990,"Kristal",307
1990,"Kristalyn",14
1990,"Kristalynn",10
1990,"Kristan",207
1990,"Kristapher",5
1990,"Kristara",5
1990,"Kriste",9
1990,"Kristee",14
1990,"Kristeen",21
1990,"Kristeena",18
1990,"Kristel",46
1990,"Kristell",5
1990,"Kristelle",13
1990,"Kristen",8128
1990,"Kristena",29
1990,"Kristene",13
1990,"Kristi",1041
1990,"Kristia",16
1990,"Kristian",671
1990,"Kristiana",60
1990,"Kristiane",6
1990,"Kristiann",10
1990,"Kristianna",29
1990,"Kristianne",12
1990,"Kristie",696
1990,"Kristien",7
1990,"Kristin",5327
1990,"Kristina",4403
1990,"Kristinamarie",10
1990,"Kristine",1196
1990,"Kristinia",10
1990,"Kristjan",10
1990,"Kristle",38
1990,"Kristof",9
1990,"Kristofer",340
1990,"Kristoff",12
1990,"Kristoffer",111
1990,"Kristofor",9
1990,"Kriston",37
1990,"Kristopher",1867
1990,"Kristos",5
1990,"Kristy",1133
1990,"Kristyn",459
1990,"Kristyna",32
1990,"Kristyne",27
1990,"Krizia",38
1990,"Krupa",16
1990,"Kruz",5
1990,"Kryssa",7
1990,"Krysta",296
1990,"Krystah",5
1990,"Krystal",3299
1990,"Krystalann",6
1990,"Krystale",11
1990,"Krystalin",5
1990,"Krystall",9
1990,"Krystalle",5
1990,"Krystalyn",23
1990,"Krystalynn",6
1990,"Krystalynne",5
1990,"Krystan",22
1990,"Krysteena",7
1990,"Krystel",32
1990,"Krystelle",6
1990,"Krysten",235
1990,"Krystena",6
1990,"Krysti",28
1990,"Krystian",41
1990,"Krystiana",7
1990,"Krystie",32
1990,"Krystin",204
1990,"Krystina",275
1990,"Krystine",60
1990,"Krystl",6
1990,"Krystle",529
1990,"Krystofer",9
1990,"Krystol",5
1990,"Krystopher",35
1990,"Krystyn",51
1990,"Krystyna",91
1990,"Krystyne",16
1990,"Krzysztof",12
1991,"Kraig",89
1991,"Kramer",43
1991,"Kree",10
1991,"Kreg",15
1991,"Kregg",5
1991,"Kreig",9
1991,"Kreston",5
1991,"Krina",5
1991,"Kris",91
1991,"Krisa",7
1991,"Krisana",6
1991,"Krisandra",11
1991,"Krisanna",5
1991,"Kriselda",6
1991,"Krish",5
1991,"Krisha",27
1991,"Krishan",8
1991,"Krishana",6
1991,"Krishauna",6
1991,"Krishelle",5
1991,"Krishna",75
1991,"Krislyn",23
1991,"Krisna",8
1991,"Krissa",21
1991,"Krissi",8
1991,"Krissie",10
1991,"Krissy",51
1991,"Krista",1912
1991,"Kristafer",6
1991,"Kristain",19
1991,"Kristal",273
1991,"Kristalyn",15
1991,"Kristan",175
1991,"Kristapher",6
1991,"Kristara",6
1991,"Kristee",7
1991,"Kristeen",14
1991,"Kristeena",24
1991,"Kristel",50
1991,"Kristela",7
1991,"Kristell",9
1991,"Kristelle",11
1991,"Kristen",6857
1991,"Kristena",29
1991,"Kristene",11
1991,"Kristey",5
1991,"Kristi",918
1991,"Kristia",16
1991,"Kristian",719
1991,"Kristiana",71
1991,"Kristiann",7
1991,"Kristianna",31
1991,"Kristianne",18
1991,"Kristie",634
1991,"Kristien",18
1991,"Kristilee",6
1991,"Kristin",4112
1991,"Kristina",3873
1991,"Kristinamarie",5
1991,"Kristine",1001
1991,"Kristinia",11
1991,"Kristle",20
1991,"Kristofer",316
1991,"Kristoff",12
1991,"Kristoffer",114
1991,"Kristofor",21
1991,"Kristol",7
1991,"Kriston",18
1991,"Kristopher",1794
1991,"Kristy",989
1991,"Kristyl",9
1991,"Kristyn",377
1991,"Kristyna",35
1991,"Kristyne",15
1991,"Kriti",5
1991,"Krizia",34
1991,"Krupa",15
1991,"Kruti",6
1991,"Kruz",5
1991,"Kryssa",7
1991,"Krysta",264
1991,"Krystal",2973
1991,"Krystalann",6
1991,"Krystale",17
1991,"Krystalin",7
1991,"Krystall",12
1991,"Krystalle",7
1991,"Krystalyn",24
1991,"Krystalynn",11
1991,"Krystan",30
1991,"Krysteena",6
1991,"Krystel",29
1991,"Krystell",5
1991,"Krystelle",6
1991,"Krysten",231
1991,"Krystena",8
1991,"Krysti",32
1991,"Krystian",50
1991,"Krystiana",8
1991,"Krystie",38
1991,"Krystin",173
1991,"Krystina",272
1991,"Krystine",54
1991,"Krystl",10
1991,"Krystle",373
1991,"Krystn",7
1991,"Krystofer",5
1991,"Krystoffer",5
1991,"Krystol",6
1991,"Krystopher",24
1991,"Krystyl",9
1991,"Krystyn",36
1991,"Krystyna",71
1991,"Krystyne",13
1991,"Krzysztof",17
1992,"Kraig",94
1992,"Kramer",68
1992,"Kray",5
1992,"Kree",10
1992,"Kreg",12
1992,"Kreig",6
1992,"Kresten",5
1992,"Kreston",5
1992,"Krieg",5
1992,"Krikor",6
1992,"Kris",112
1992,"Krisa",9
1992,"Krisandra",12
1992,"Kriselda",6
1992,"Krisha",21
1992,"Krishan",15
1992,"Krishana",9
1992,"Krishauna",6
1992,"Krishawna",5
1992,"Krishna",69
1992,"Krishon",5
1992,"Krislyn",24
1992,"Krislynn",7
1992,"Krisna",6
1992,"Krissa",32
1992,"Krissandra",5
1992,"Krissi",8
1992,"Krissie",9
1992,"Krissy",39
1992,"Krista",2034
1992,"Kristain",18
1992,"Kristal",230
1992,"Kristalyn",10
1992,"Kristalynn",9
1992,"Kristan",147
1992,"Kristana",5
1992,"Kristapher",5
1992,"Kristee",6
1992,"Kristeen",17
1992,"Kristeena",17
1992,"Kristel",36
1992,"Kristell",6
1992,"Kristelle",5
1992,"Kristen",6290
1992,"Kristena",32
1992,"Kristene",14
1992,"Kristi",915
1992,"Kristia",17
1992,"Kristian",802
1992,"Kristiana",77
1992,"Kristiann",11
1992,"Kristianna",39
1992,"Kristianne",12
1992,"Kristie",513
1992,"Kristien",6
1992,"Kristin",3614
1992,"Kristina",3466
1992,"Kristine",874
1992,"Kristinia",5
1992,"Kristle",13
1992,"Kristof",9
1992,"Kristofer",322
1992,"Kristoff",23
1992,"Kristoffer",83
1992,"Kristofor",10
1992,"Kristol",5
1992,"Kriston",33
1992,"Kristopher",1636
1992,"Kristy",838
1992,"Kristyn",351
1992,"Kristyna",35
1992,"Kristyne",13
1992,"Krisztina",6
1992,"Krizia",35
1992,"Kron",8
1992,"Krunal",6
1992,"Krupa",15
1992,"Kruti",8
1992,"Krysta",325
1992,"Krystal",2628
1992,"Krystalee",5
1992,"Krystall",7
1992,"Krystalle",6
1992,"Krystalyn",15
1992,"Krystalynn",9
1992,"Krystan",16
1992,"Krysteena",7
1992,"Krystel",23
1992,"Krystelle",10
1992,"Krysten",185
1992,"Krystena",5
1992,"Krysti",23
1992,"Krystian",44
1992,"Krystiana",12
1992,"Krystie",24
1992,"Krystin",156
1992,"Krystina",205
1992,"Krystine",30
1992,"Krystl",5
1992,"Krystle",261
1992,"Krystn",7
1992,"Krystofer",8
1992,"Kryston",5
1992,"Krystopher",18
1992,"Krystyl",8
1992,"Krystyn",34
1992,"Krystyna",71
1992,"Krystyne",14
1992,"Krzysztof",11
1993,"Kraig",62
1993,"Kramer",57
1993,"Kray",6
1993,"Kree",5
1993,"Kreg",9
1993,"Kreig",15
1993,"Krenar",5
1993,"Krey",6
1993,"Krina",6
1993,"Kris",91
1993,"Krisa",10
1993,"Krisandra",6
1993,"Krisann",6
1993,"Krisha",25
1993,"Krishan",19
1993,"Krishana",9
1993,"Krishauna",6
1993,"Krishawn",5
1993,"Krishawna",9
1993,"Krishna",63
1993,"Krishonda",6
1993,"Krislyn",25
1993,"Kriss",11
1993,"Krissa",25
1993,"Krissandra",6
1993,"Krissi",6
1993,"Krissie",6
1993,"Krissinda",7
1993,"Krisstina",6
1993,"Krisstopher",5
1993,"Krissy",27
1993,"Krista",1896
1993,"Kristah",5
1993,"Kristain",18
1993,"Kristal",232
1993,"Kristalyn",17
1993,"Kristalynn",10
1993,"Kristan",135
1993,"Kriste",5
1993,"Kristeen",18
1993,"Kristeena",11
1993,"Kristel",33
1993,"Kristell",7
1993,"Kristella",5
1993,"Kristelle",7
1993,"Kristen",5556
1993,"Kristena",17
1993,"Kristene",8
1993,"Kristi",652
1993,"Kristia",17
1993,"Kristian",759
1993,"Kristiana",78
1993,"Kristiane",6
1993,"Kristiann",10
1993,"Kristianna",52
1993,"Kristianne",6
1993,"Kristie",416
1993,"Kristien",11
1993,"Kristin",3004
1993,"Kristina",3097
1993,"Kristine",796
1993,"Kristle",13
1993,"Kristof",7
1993,"Kristofer",313
1993,"Kristoff",23
1993,"Kristoffer",89
1993,"Kristofor",12
1993,"Kristol",5
1993,"Kriston",27
1993,"Kristopher",1572
1993,"Kristy",687
1993,"Kristyl",7
1993,"Kristyn",299
1993,"Kristyna",17
1993,"Kristyne",9
1993,"Kritika",5
1993,"Kritzia",7
1993,"Krizia",11
1993,"Krunal",7
1993,"Krupa",17
1993,"Kruti",6
1993,"Kruz",6
1993,"Kryssa",6
1993,"Krysta",419
1993,"Krystal",2212
1993,"Krystall",12
1993,"Krystalle",11
1993,"Krystalyn",22
1993,"Krystalynn",11
1993,"Krystan",21
1993,"Krysteena",7
1993,"Krystel",20
1993,"Krystelle",5
1993,"Krysten",168
1993,"Krystena",6
1993,"Krysti",14
1993,"Krystian",44
1993,"Krystiana",13
1993,"Krystianna",8
1993,"Krystie",12
1993,"Krystin",121
1993,"Krystina",206
1993,"Krystine",24
1993,"Krystle",196
1993,"Krystn",8
1993,"Krystofer",7
1993,"Krystol",6
1993,"Krystopher",20
1993,"Krystyn",28
1993,"Krystyna",52
1993,"Krystyne",5
1993,"Krzysztof",12
1994,"Kraig",68
1994,"Kramer",37
1994,"Kray",5
1994,"Krea",5
1994,"Kree",5
1994,"Kreg",10
1994,"Kreig",7
1994,"Kreshnik",5
1994,"Kreston",5
1994,"Krieg",7
1994,"Krina",5
1994,"Kris",81
1994,"Krisa",6
1994,"Krisandra",11
1994,"Krisann",5
1994,"Krisanne",5
1994,"Kriselda",5
1994,"Krisha",22
1994,"Krishan",17
1994,"Krishauna",5
1994,"Krishna",73
1994,"Krislyn",33
1994,"Krislynn",8
1994,"Kriss",5
1994,"Krissa",22
1994,"Krissandra",7
1994,"Krissy",34
1994,"Krista",1626
1994,"Kristain",15
1994,"Kristal",199
1994,"Kristalyn",18
1994,"Kristalynn",5
1994,"Kristan",146
1994,"Kristapher",5
1994,"Kristee",5
1994,"Kristeen",5
1994,"Kristeena",12
1994,"Kristel",26
1994,"Kristelle",10
1994,"Kristen",5907
1994,"Kristena",28
1994,"Kristene",8
1994,"Kristi",571
1994,"Kristia",10
1994,"Kristian",803
1994,"Kristiana",88
1994,"Kristianna",64
1994,"Kristianne",8
1994,"Kristie",269
1994,"Kristien",8
1994,"Kristin",2856
1994,"Kristina",2882
1994,"Kristinamarie",5
1994,"Kristine",657
1994,"Kristjan",9
1994,"Kristle",13
1994,"Kristof",9
1994,"Kristofer",298
1994,"Kristoff",13
1994,"Kristoffer",74
1994,"Kristofor",13
1994,"Kriston",30
1994,"Kristoph",6
1994,"Kristopher",1370
1994,"Kristy",586
1994,"Kristyl",9
1994,"Kristyn",282
1994,"Kristyna",19
1994,"Kristyne",8
1994,"Krisztina",5
1994,"Krizia",16
1994,"Kron",6
1994,"Krunal",9
1994,"Krupa",11
1994,"Kryslyn",5
1994,"Kryssa",6
1994,"Krysta",277
1994,"Krystal",1890
1994,"Krystale",7
1994,"Krystalin",5
1994,"Krystalina",5
1994,"Krystalle",5
1994,"Krystalyn",15
1994,"Krystalynn",7
1994,"Krystan",25
1994,"Krystel",24
1994,"Krystelle",10
1994,"Krysten",157
1994,"Krystena",6
1994,"Krysti",16
1994,"Krystian",57
1994,"Krystiana",7
1994,"Krystianna",7
1994,"Krystie",10
1994,"Krystin",129
1994,"Krystina",160
1994,"Krystine",31
1994,"Krystle",147
1994,"Krystofer",10
1994,"Kryston",5
1994,"Krystopher",21
1994,"Krystyn",25
1994,"Krystyna",50
1994,"Krystyne",6
1994,"Krzysztof",15
1995,"Kraig",60
1995,"Kramer",21
1995,"Krayton",5
1995,"Kree",7
1995,"Kreg",9
1995,"Kreig",5
1995,"Kripa",5
1995,"Kris",87
1995,"Krisa",7
1995,"Krisandra",5
1995,"Krish",7
1995,"Krisha",26
1995,"Krishan",19
1995,"Krishana",5
1995,"Krishawn",5
1995,"Krishma",6
1995,"Krishna",72
1995,"Krishnan",6
1995,"Krishuna",7
1995,"Krislyn",23
1995,"Krislynn",11
1995,"Krisna",8
1995,"Krissa",24
1995,"Krissi",7
1995,"Krissie",9
1995,"Krissy",32
1995,"Krista",1468
1995,"Kristain",20
1995,"Kristal",205
1995,"Kristalyn",20
1995,"Kristan",142
1995,"Kristanna",9
1995,"Kristee",6
1995,"Kristeen",11
1995,"Kristeena",13
1995,"Kristel",21
1995,"Kristell",7
1995,"Kristelle",7
1995,"Kristen",5437
1995,"Kristena",15
1995,"Kristene",5
1995,"Kristi",442
1995,"Kristia",5
1995,"Kristian",836
1995,"Kristiana",102
1995,"Kristiane",5
1995,"Kristiann",9
1995,"Kristianna",45
1995,"Kristianne",8
1995,"Kristie",241
1995,"Kristien",18
1995,"Kristin",2436
1995,"Kristina",2437
1995,"Kristine",517
1995,"Kristjan",12
1995,"Kristle",15
1995,"Kristlyn",9
1995,"Kristof",5
1995,"Kristofer",229
1995,"Kristoff",19
1995,"Kristoffer",77
1995,"Kristofor",5
1995,"Kriston",21
1995,"Kristopher",1186
1995,"Kristy",513
1995,"Kristyanna",6
1995,"Kristyl",6
1995,"Kristyn",277
1995,"Kristyna",25
1995,"Krizia",16
1995,"Krupa",19
1995,"Kruti",8
1995,"Kruz",6
1995,"Krysta",266
1995,"Krystal",1564
1995,"Krystall",8
1995,"Krystalle",5
1995,"Krystallyn",5
1995,"Krystalyn",19
1995,"Krystalynn",5
1995,"Krystan",12
1995,"Krystel",18
1995,"Krystelle",5
1995,"Krysten",130
1995,"Krystena",7
1995,"Krysti",14
1995,"Krystian",42
1995,"Krystiana",10
1995,"Krystie",9
1995,"Krystin",92
1995,"Krystina",117
1995,"Krystine",21
1995,"Krystl",5
1995,"Krystle",82
1995,"Krystofer",13
1995,"Krystopher",25
1995,"Krystyn",17
1995,"Krystyna",44
1995,"Krzysztof",15
1996,"Kraig",64
1996,"Kramer",20
1996,"Kree",5
1996,"Kreg",10
1996,"Kreig",7
1996,"Krikor",6
1996,"Krina",6
1996,"Kris",86
1996,"Krisandra",7
1996,"Krisann",10
1996,"Krischan",8
1996,"Krish",10
1996,"Krisha",24
1996,"Krishan",18
1996,"Krishauna",9
1996,"Krishawn",8
1996,"Krishma",7
1996,"Krishna",80
1996,"Krishunna",5
1996,"Krislin",5
1996,"Krislyn",39
1996,"Krislynn",7
1996,"Kriss",6
1996,"Krissa",29
1996,"Krissi",5
1996,"Krissie",7
1996,"Krissy",28
1996,"Krista",1312
1996,"Kristafer",5
1996,"Kristain",13
1996,"Kristal",175
1996,"Kristalyn",14
1996,"Kristalynn",6
1996,"Kristan",130
1996,"Kristeen",10
1996,"Kristeena",9
1996,"Kristel",28
1996,"Kristelle",6
1996,"Kristen",4884
1996,"Kristena",19
1996,"Kristi",404
1996,"Kristia",11
1996,"Kristian",886
1996,"Kristiana",92
1996,"Kristiann",5
1996,"Kristianna",33
1996,"Kristianne",5
1996,"Kristie",169
1996,"Kristien",5
1996,"Kristin",2204
1996,"Kristina",2185
1996,"Kristine",479
1996,"Kristjan",7
1996,"Kristle",11
1996,"Kristof",9
1996,"Kristofer",218
1996,"Kristoff",12
1996,"Kristoffer",69
1996,"Kristofor",8
1996,"Kriston",28
1996,"Kristopher",1244
1996,"Kristy",485
1996,"Kristyan",5
1996,"Kristyanna",5
1996,"Kristyl",5
1996,"Kristyn",259
1996,"Kristyna",17
1996,"Krizia",14
1996,"Krunal",5
1996,"Krupa",31
1996,"Kruz",7
1996,"Krynn",7
1996,"Kryslyn",5
1996,"Krysta",210
1996,"Krystal",1337
1996,"Krystalle",6
1996,"Krystalyn",10
1996,"Krystalynn",5
1996,"Krystan",25
1996,"Krysteena",6
1996,"Krystel",17
1996,"Krystelle",5
1996,"Krysten",137
1996,"Krystena",5
1996,"Krysti",7
1996,"Krystian",70
1996,"Krystiana",10
1996,"Krystie",8
1996,"Krystin",87
1996,"Krystina",111
1996,"Krystine",21
1996,"Krystle",72
1996,"Krystopher",21
1996,"Krystyn",22
1996,"Krystyna",37
1996,"Krystyne",5
1996,"Krzysztof",11
1997,"Kraig",46
1997,"Kramer",14
1997,"Kreed",5
1997,"Kreg",5
1997,"Kris",83
1997,"Krisandra",6
1997,"Krisann",6
1997,"Krish",9
1997,"Krisha",15
1997,"Krishan",12
1997,"Krishana",9
1997,"Krishanna",5
1997,"Krishawn",7
1997,"Krishell",5
1997,"Krishna",93
1997,"Krislyn",28
1997,"Krislynn",12
1997,"Krisna",7
1997,"Krissa",24
1997,"Krissi",5
1997,"Krissy",19
1997,"Krist",7
1997,"Krista",1078
1997,"Kristain",5
1997,"Kristal",166
1997,"Kristalyn",17
1997,"Kristan",80
1997,"Kristana",5
1997,"Kristeen",7
1997,"Kristeena",6
1997,"Kristel",22
1997,"Kristelle",10
1997,"Kristen",4112
1997,"Kristena",11
1997,"Kristi",320
1997,"Kristia",7
1997,"Kristian",828
1997,"Kristiana",104
1997,"Kristiane",5
1997,"Kristianna",47
1997,"Kristianne",5
1997,"Kristie",184
1997,"Kristien",19
1997,"Kristin",1759
1997,"Kristina",1865
1997,"Kristine",373
1997,"Kristinna",5
1997,"Kristion",11
1997,"Kristjan",11
1997,"Kristle",8
1997,"Kristof",8
1997,"Kristofer",214
1997,"Kristoff",14
1997,"Kristoffer",54
1997,"Kristofor",7
1997,"Kriston",27
1997,"Kristopher",1097
1997,"Kristy",338
1997,"Kristyana",6
1997,"Kristyanna",6
1997,"Kristyn",188
1997,"Kristyna",25
1997,"Kristyne",8
1997,"Krisztina",5
1997,"Kriti",7
1997,"Kriya",5
1997,"Krizia",13
1997,"Kriztian",5
1997,"Kross",16
1997,"Krupa",11
1997,"Kruti",6
1997,"Kruz",12
1997,"Krysta",195
1997,"Krystal",1188
1997,"Krystall",5
1997,"Krystalle",5
1997,"Krystalyn",13
1997,"Krystalynn",9
1997,"Krystan",14
1997,"Krysteena",7
1997,"Krystel",12
1997,"Krystelle",7
1997,"Krysten",127
1997,"Krysti",11
1997,"Krystian",53
1997,"Krystiana",16
1997,"Krystianna",7
1997,"Krystie",5
1997,"Krystin",77
1997,"Krystina",96
1997,"Krystine",16
1997,"Krystle",44
1997,"Krystofer",8
1997,"Krystopher",22
1997,"Krystyn",23
1997,"Krystyna",33
1997,"Krzysztof",13
1998,"Kraig",43
1998,"Kramer",8
1998,"Kreed",5
1998,"Krey",5
1998,"Kris",76
1998,"Krisa",9
1998,"Krisandra",5
1998,"Kriselle",7
1998,"Krish",12
1998,"Krisha",13
1998,"Krishan",15
1998,"Krishana",9
1998,"Krishawn",15
1998,"Krishawna",6
1998,"Krishna",105
1998,"Krishon",8
1998,"Krislin",7
1998,"Krislyn",46
1998,"Krislynn",17
1998,"Kriss",6
1998,"Krissa",18
1998,"Krissi",5
1998,"Krissia",7
1998,"Krissie",5
1998,"Krissy",22
1998,"Krista",943
1998,"Kristafer",5
1998,"Kristain",15
1998,"Kristal",145
1998,"Kristalyn",14
1998,"Kristan",70
1998,"Kristasia",5
1998,"Kristeen",10
1998,"Kristeena",8
1998,"Kristel",13
1998,"Kristen",3372
1998,"Kristena",7
1998,"Kristi",258
1998,"Kristia",7
1998,"Kristian",809
1998,"Kristiana",85
1998,"Kristiane",5
1998,"Kristiann",6
1998,"Kristianna",27
1998,"Kristianne",7
1998,"Kristie",140
1998,"Kristien",9
1998,"Kristin",1459
1998,"Kristina",1611
1998,"Kristine",365
1998,"Kristion",11
1998,"Kristjan",14
1998,"Kristle",9
1998,"Kristlyn",5
1998,"Kristof",7
1998,"Kristofer",185
1998,"Kristoff",11
1998,"Kristoffer",53
1998,"Kristofor",5
1998,"Kriston",22
1998,"Kristopher",1073
1998,"Kristy",305
1998,"Kristyana",5
1998,"Kristyanna",5
1998,"Kristyn",167
1998,"Kristyna",16
1998,"Krisztina",5
1998,"Kriti",8
1998,"Krizia",10
1998,"Kron",9
1998,"Kross",23
1998,"Krunal",5
1998,"Krupa",14
1998,"Kruz",5
1998,"Krysta",186
1998,"Krystal",1093
1998,"Krystall",7
1998,"Krystalyn",11
1998,"Krystan",5
1998,"Krysteena",5
1998,"Krystel",11
1998,"Krystelle",6
1998,"Krysten",112
1998,"Krystian",65
1998,"Krystiana",13
1998,"Krystianna",9
1998,"Krystie",10
1998,"Krystin",72
1998,"Krystina",101
1998,"Krystine",7
1998,"Krystle",43
1998,"Krystofer",7
1998,"Krystopher",18
1998,"Krystyn",10
1998,"Krystyna",28
1998,"Krzysztof",8
1999,"Kraig",38
1999,"Kramer",6
1999,"Kree",7
1999,"Kris",67
1999,"Krischan",5
1999,"Krisean",6
1999,"Krish",9
1999,"Krisha",6
1999,"Krishan",14
1999,"Krishana",8
1999,"Krishauna",6
1999,"Krishawn",7
1999,"Krishawna",6
1999,"Krishma",6
1999,"Krishna",105
1999,"Krislyn",38
1999,"Krislynn",13
1999,"Krisna",6
1999,"Krissa",16
1999,"Krissie",10
1999,"Krissy",19
1999,"Krist",5
1999,"Krista",806
1999,"Kristain",7
1999,"Kristal",155
1999,"Kristalyn",12
1999,"Kristan",50
1999,"Kristasia",6
1999,"Kristeen",12
1999,"Kristeena",5
1999,"Kristel",12
1999,"Kristell",6
1999,"Kristelle",6
1999,"Kristen",2862
1999,"Kristena",9
1999,"Kristi",186
1999,"Kristian",735
1999,"Kristiana",79
1999,"Kristianna",26
1999,"Kristie",136
1999,"Kristien",6
1999,"Kristin",1206
1999,"Kristina",1453
1999,"Kristine",284
1999,"Kristion",12
1999,"Kristjan",13
1999,"Kristof",10
1999,"Kristofer",176
1999,"Kristoff",9
1999,"Kristoffer",48
1999,"Kristofor",6
1999,"Kriston",11
1999,"Kristopher",975
1999,"Kristy",264
1999,"Kristyanna",6
1999,"Kristyle",5
1999,"Kristyn",130
1999,"Kristyna",12
1999,"Krithi",5
1999,"Krithika",8
1999,"Kriti",10
1999,"Kron",5
1999,"Kross",20
1999,"Krupa",18
1999,"Kruti",10
1999,"Kruz",8
1999,"Kryslyn",8
1999,"Kryssa",6
1999,"Krysta",160
1999,"Krystal",929
1999,"Krystalee",6
1999,"Krystalyn",8
1999,"Krystalynn",6
1999,"Krystan",11
1999,"Krystel",9
1999,"Krystelle",5
1999,"Krysten",88
1999,"Krysti",5
1999,"Krystian",65
1999,"Krystiana",12
1999,"Krystie",5
1999,"Krystin",51
1999,"Krystina",64
1999,"Krystine",14
1999,"Krystle",45
1999,"Krystofer",9
1999,"Krystopher",20
1999,"Krysty",5
1999,"Krystyn",19
1999,"Krystyna",34
1999,"Krzysztof",14
2000,"Kraig",29
2000,"Kramer",8
2000,"Kreed",6
2000,"Kreg",7
2000,"Krew",5
2000,"Krimson",5
2000,"Kris",63
2000,"Krisandra",5
2000,"Krischan",5
2000,"Krish",16
2000,"Krisha",11
2000,"Krishan",13
2000,"Krishaun",7
2000,"Krishauna",9
2000,"Krishawn",7
2000,"Krishna",84
2000,"Krishon",6
2000,"Krislyn",51
2000,"Krislynn",19
2000,"Krisna",14
2000,"Kriss",6
2000,"Krissa",13
2000,"Krissandra",5
2000,"Krissia",8
2000,"Krissy",26
2000,"Krista",695
2000,"Kristal",139
2000,"Kristalyn",11
2000,"Kristalynn",6
2000,"Kristan",71
2000,"Kristeen",7
2000,"Kristeena",8
2000,"Kristel",20
2000,"Kristen",2365
2000,"Kristena",5
2000,"Krister",6
2000,"Kristi",173
2000,"Kristian",748
2000,"Kristiana",75
2000,"Kristianna",23
2000,"Kristie",89
2000,"Kristien",5
2000,"Kristin",1067
2000,"Kristina",1433
2000,"Kristine",312
2000,"Kristion",22
2000,"Kristjan",5
2000,"Kristof",10
2000,"Kristofer",193
2000,"Kristoff",9
2000,"Kristoffer",52
2000,"Kriston",22
2000,"Kristopher",1026
2000,"Kristos",8
2000,"Kristy",268
2000,"Kristyana",12
2000,"Kristyanna",9
2000,"Kristyn",144
2000,"Kristyna",13
2000,"Krithika",6
2000,"Kriti",8
2000,"Kritika",5
2000,"Krizia",9
2000,"Kron",7
2000,"Kross",7
2000,"Krupa",13
2000,"Kruti",10
2000,"Kruz",5
2000,"Krya",5
2000,"Kryslyn",6
2000,"Kryssa",6
2000,"Krysta",137
2000,"Krystal",889
2000,"Krystalyn",12
2000,"Krystalynn",12
2000,"Krystan",8
2000,"Krystel",17
2000,"Krystelle",6
2000,"Krysten",108
2000,"Krysti",7
2000,"Krystian",70
2000,"Krystiana",12
2000,"Krystin",58
2000,"Krystina",91
2000,"Krystine",12
2000,"Krystle",41
2000,"Krystofer",13
2000,"Krystopher",23
2000,"Krystyn",22
2000,"Krystyna",30
2000,"Krzysztof",9
2001,"Kraig",20
2001,"Kreed",7
2001,"Kreena",5
2001,"Kreston",5
2001,"Krew",11
2001,"Kripa",5
2001,"Kris",80
2001,"Krisandra",6
2001,"Kriselle",5
2001,"Krish",21
2001,"Krisha",15
2001,"Krishan",13
2001,"Krishana",7
2001,"Krishani",5
2001,"Krishawn",6
2001,"Krishna",93
2001,"Krishon",9
2001,"Krislyn",44
2001,"Krislynn",15
2001,"Kriss",7
2001,"Krissa",18
2001,"Krissia",5
2001,"Krissy",27
2001,"Krista",621
2001,"Kristal",141
2001,"Kristalyn",10
2001,"Kristan",42
2001,"Kristasia",6
2001,"Kristeen",5
2001,"Kristeena",12
2001,"Kristel",19
2001,"Kristelle",5
2001,"Kristen",2006
2001,"Kristena",8
2001,"Kristi",134
2001,"Kristia",8
2001,"Kristian",703
2001,"Kristiana",79
2001,"Kristianna",25
2001,"Kristie",68
2001,"Kristin",970
2001,"Kristina",1281
2001,"Kristine",261
2001,"Kristion",7
2001,"Kristjan",10
2001,"Kristlyn",7
2001,"Kristof",17
2001,"Kristofer",167
2001,"Kristoff",15
2001,"Kristoffer",34
2001,"Kriston",18
2001,"Kristopher",883
2001,"Kristos",7
2001,"Kristy",207
2001,"Kristyana",7
2001,"Kristyanna",6
2001,"Kristyn",137
2001,"Kristyna",14
2001,"Krithi",7
2001,"Krithika",6
2001,"Kriti",7
2001,"Kritika",6
2001,"Krizia",6
2001,"Kron",10
2001,"Kross",16
2001,"Krupa",20
2001,"Kruti",6
2001,"Kruz",9
2001,"Kryslin",8
2001,"Kryslyn",6
2001,"Krysta",138
2001,"Krystal",795
2001,"Krystalyn",11
2001,"Krystalynn",10
2001,"Krystan",6
2001,"Krystel",9
2001,"Krystelle",7
2001,"Krysten",68
2001,"Krysti",6
2001,"Krystian",76
2001,"Krystiana",11
2001,"Krystianna",5
2001,"Krystin",58
2001,"Krystina",76
2001,"Krystine",5
2001,"Krystle",19
2001,"Krystofer",7
2001,"Krystopher",24
2001,"Krystyn",25
2001,"Krystyna",30
2001,"Krzysztof",10
2002,"Kraig",26
2002,"Kramer",6
2002,"Krayton",5
2002,"Kree",7
2002,"Kreed",5
2002,"Krew",10
2002,"Krimson",6
2002,"Krina",7
2002,"Kripa",5
2002,"Kris",88
2002,"Krisa",5
2002,"Krisalyn",5
2002,"Krischan",7
2002,"Krish",85
2002,"Krisha",28
2002,"Krishan",20
2002,"Krishauna",5
2002,"Krishawn",8
2002,"Krishelle",5
2002,"Krishi",21
2002,"Krishna",104
2002,"Krishon",5
2002,"Krislyn",37
2002,"Krislynn",19
2002,"Krisna",13
2002,"Krissa",15
2002,"Krissi",5
2002,"Krissie",5
2002,"Krissy",19
2002,"Krista",595
2002,"Kristabel",5
2002,"Kristain",6
2002,"Kristal",133
2002,"Kristalyn",13
2002,"Kristan",36
2002,"Kristeen",6
2002,"Kristel",20
2002,"Kristella",6
2002,"Kristelle",8
2002,"Kristen",1728
2002,"Kristena",9
2002,"Kristene",7
2002,"Kristi",123
2002,"Kristian",647
2002,"Kristiana",70
2002,"Kristiane",5
2002,"Kristianna",31
2002,"Kristianne",5
2002,"Kristie",60
2002,"Kristien",5
2002,"Kristin",836
2002,"Kristina",1158
2002,"Kristine",221
2002,"Kristion",6
2002,"Kristiona",5
2002,"Kristjan",9
2002,"Kristlyn",5
2002,"Kristof",12
2002,"Kristofer",160
2002,"Kristoff",20
2002,"Kristoffer",48
2002,"Kristofor",5
2002,"Kriston",15
2002,"Kristopher",836
2002,"Kristy",215
2002,"Kristyann",5
2002,"Kristyanna",5
2002,"Kristyn",118
2002,"Kristyna",8
2002,"Kristyne",5
2002,"Krithi",5
2002,"Krithika",12
2002,"Kriti",11
2002,"Kritika",12
2002,"Krizia",7
2002,"Kron",6
2002,"Kros",5
2002,"Kross",10
2002,"Krsna",5
2002,"Krupa",11
2002,"Krushi",6
2002,"Kruz",11
2002,"Kryslin",6
2002,"Kryslynn",5
2002,"Krysta",136
2002,"Krystal",742
2002,"Krystalin",6
2002,"Krystalyn",5
2002,"Krystalynn",11
2002,"Krystan",10
2002,"Krystel",12
2002,"Krystelle",10
2002,"Krysten",75
2002,"Krystena",5
2002,"Krysti",5
2002,"Krystian",64
2002,"Krystiana",11
2002,"Krystianna",6
2002,"Krystin",44
2002,"Krystina",49
2002,"Krystine",11
2002,"Krystle",20
2002,"Krystof",5
2002,"Krystofer",7
2002,"Krystopher",20
2002,"Krystyn",8
2002,"Krystyna",19
2002,"Krzysztof",13
2003,"Kraig",23
2003,"Kreed",7
2003,"Kreindy",6
2003,"Krew",8
2003,"Krillin",5
2003,"Kris",71
2003,"Krisalyn",7
2003,"Krisann",5
2003,"Krischan",7
2003,"Krish",121
2003,"Krisha",26
2003,"Krishan",11
2003,"Krishara",5
2003,"Krishawna",7
2003,"Krishna",105
2003,"Krishon",6
2003,"Krishona",5
2003,"Krislin",5
2003,"Krislyn",55
2003,"Krislynn",11
2003,"Krisna",5
2003,"Kriss",9
2003,"Krissa",16
2003,"Krissy",16
2003,"Krista",679
2003,"Kristal",122
2003,"Kristalyn",15
2003,"Kristalynn",7
2003,"Kristan",35
2003,"Kristana",6
2003,"Kristanna",11
2003,"Kristeen",7
2003,"Kristeena",6
2003,"Kristel",18
2003,"Kristelle",9
2003,"Kristen",1453
2003,"Kristi",108
2003,"Kristia",6
2003,"Kristian",664
2003,"Kristiana",91
2003,"Kristianna",38
2003,"Kristie",70
2003,"Kristin",715
2003,"Kristina",1033
2003,"Kristine",197
2003,"Kristion",9
2003,"Kristjan",8
2003,"Kristlyn",8
2003,"Kristof",14
2003,"Kristofer",133
2003,"Kristoff",12
2003,"Kristoffer",37
2003,"Kristofor",6
2003,"Kriston",11
2003,"Kristopher",784
2003,"Kristy",191
2003,"Kristyana",8
2003,"Kristyanna",7
2003,"Kristyle",5
2003,"Kristyn",96
2003,"Kristyna",13
2003,"Krithik",5
2003,"Krithika",10
2003,"Kriti",16
2003,"Kriya",5
2003,"Kross",9
2003,"Krupa",13
2003,"Kruthi",6
2003,"Kruti",8
2003,"Kruz",20
2003,"Kryslyn",5
2003,"Krysta",130
2003,"Krystal",736
2003,"Krystalyn",6
2003,"Krystan",8
2003,"Krystel",14
2003,"Krystelle",6
2003,"Krysten",60
2003,"Krystena",7
2003,"Krystian",75
2003,"Krystiana",13
2003,"Krystianna",10
2003,"Krystin",35
2003,"Krystina",66
2003,"Krystine",5
2003,"Krystle",21
2003,"Krystofer",7
2003,"Krystopher",20
2003,"Krystyn",11
2003,"Krystyna",30
2003,"Krzysztof",14
2004,"Kraig",22
2004,"Kraven",14
2004,"Kree",5
2004,"Kreighton",5
2004,"Kreston",8
2004,"Krew",6
2004,"Krimson",5
2004,"Krina",7
2004,"Kripa",5
2004,"Kris",81
2004,"Krisa",6
2004,"Krisalyn",21
2004,"Krisalynn",5
2004,"Krisandra",9
2004,"Krischan",6
2004,"Krisean",5
2004,"Krish",127
2004,"Krisha",40
2004,"Krishan",20
2004,"Krishaun",7
2004,"Krishawn",10
2004,"Krishi",5
2004,"Krishn",5
2004,"Krishna",116
2004,"Krishnan",5
2004,"Krislyn",38
2004,"Krislynn",14
2004,"Krisna",8
2004,"Kriss",5
2004,"Krissa",16
2004,"Krissia",5
2004,"Krissy",15
2004,"Krista",526
2004,"Kristal",134
2004,"Kristalyn",10
2004,"Kristalynn",7
2004,"Kristan",29
2004,"Kristana",5
2004,"Kristanna",12
2004,"Kristeena",7
2004,"Kristel",19
2004,"Kristell",11
2004,"Kristelle",10
2004,"Kristen",1241
2004,"Kristena",8
2004,"Kristi",79
2004,"Kristia",5
2004,"Kristian",599
2004,"Kristiana",83
2004,"Kristiann",6
2004,"Kristianna",39
2004,"Kristianne",5
2004,"Kristie",48
2004,"Kristien",5
2004,"Kristin",565
2004,"Kristina",972
2004,"Kristine",212
2004,"Kristion",10
2004,"Kristiona",5
2004,"Kristjan",14
2004,"Kristlynn",5
2004,"Kristof",10
2004,"Kristofer",142
2004,"Kristoff",8
2004,"Kristoffer",43
2004,"Kriston",14
2004,"Kristopher",748
2004,"Kristupas",5
2004,"Kristy",167
2004,"Kristyana",8
2004,"Kristyn",92
2004,"Kristyna",14
2004,"Krithi",7
2004,"Krithik",5
2004,"Krithika",9
2004,"Kriti",14
2004,"Kritika",11
2004,"Kron",9
2004,"Kross",18
2004,"Krupa",12
2004,"Kruz",13
2004,"Krymson",5
2004,"Kryssa",8
2004,"Krysta",121
2004,"Krystal",702
2004,"Krystalyn",10
2004,"Krystan",7
2004,"Krystel",7
2004,"Krystell",7
2004,"Krystelle",7
2004,"Krysten",54
2004,"Krystian",71
2004,"Krystiana",15
2004,"Krystianna",8
2004,"Krystin",42
2004,"Krystina",75
2004,"Krystine",16
2004,"Krystle",14
2004,"Krystofer",6
2004,"Krystopher",18
2004,"Krystyn",15
2004,"Krystyna",18
2004,"Krzysztof",11
2005,"Kraig",18
2005,"Kramer",6
2005,"Kraven",10
2005,"Kree",5
2005,"Kreed",6
2005,"Kreg",5
2005,"Krew",9
2005,"Kricia",6
2005,"Krina",6
2005,"Kripa",9
2005,"Kris",84
2005,"Krisalyn",29
2005,"Krisandra",7
2005,"Krischan",5
2005,"Krischelle",5
2005,"Krish",166
2005,"Krisha",52
2005,"Krishan",13
2005,"Krishauna",7
2005,"Krishawn",9
2005,"Krishi",8
2005,"Krishiv",11
2005,"Krishna",105
2005,"Krisily",11
2005,"Krislyn",53
2005,"Krislynn",15
2005,"Krisna",6
2005,"Krissa",12
2005,"Krissy",18
2005,"Krista",481
2005,"Kristabelle",6
2005,"Kristal",118
2005,"Kristalyn",17
2005,"Kristalynn",8
2005,"Kristan",35
2005,"Kristanna",5
2005,"Kristasia",7
2005,"Kristeen",5
2005,"Kristel",17
2005,"Kristell",7
2005,"Kristelle",5
2005,"Kristen",996
2005,"Kristena",6
2005,"Kristi",94
2005,"Kristian",657
2005,"Kristiana",82
2005,"Kristianna",37
2005,"Kristie",48
2005,"Kristien",7
2005,"Kristin",544
2005,"Kristina",902
2005,"Kristine",186
2005,"Kristion",11
2005,"Kristiona",5
2005,"Kristjan",7
2005,"Kristlyn",6
2005,"Kristof",7
2005,"Kristofer",103
2005,"Kristoff",5
2005,"Kristoffer",37
2005,"Kristofor",6
2005,"Kriston",18
2005,"Kristopher",704
2005,"Kristos",8
2005,"Kristy",162
2005,"Kristyana",10
2005,"Kristyanna",7
2005,"Kristyn",79
2005,"Kristyna",13
2005,"Krithi",11
2005,"Krithik",5
2005,"Krithika",7
2005,"Kriti",13
2005,"Kritika",6
2005,"Kriya",8
2005,"Krizia",9
2005,"Kron",7
2005,"Kross",11
2005,"Krupa",12
2005,"Kruz",13
2005,"Krys",6
2005,"Kryslin",6
2005,"Kryslyn",10
2005,"Kryslynn",5
2005,"Kryssa",7
2005,"Krysta",106
2005,"Krystal",719
2005,"Krystalyn",10
2005,"Krystan",9
2005,"Krystel",16
2005,"Krystelle",5
2005,"Krysten",52
2005,"Krystian",78
2005,"Krystiana",15
2005,"Krystianna",5
2005,"Krystin",28
2005,"Krystina",62
2005,"Krystine",8
2005,"Krystle",13
2005,"Krystof",5
2005,"Krystofer",6
2005,"Krystopher",15
2005,"Krystyn",8
2005,"Krystyna",23
2005,"Krzysztof",5
2006,"Kraig",21
2006,"Kramer",8
2006,"Kraven",17
2006,"Kree",6
2006,"Kreed",10
2006,"Krew",27
2006,"Krina",9
2006,"Kripa",14
2006,"Kris",97
2006,"Krisalyn",33
2006,"Krisalynn",6
2006,"Krish",371
2006,"Krisha",53
2006,"Krishan",19
2006,"Krishawn",8
2006,"Krishay",6
2006,"Krishiv",10
2006,"Krishna",101
2006,"Krisia",5
2006,"Krislyn",45
2006,"Krislynn",23
2006,"Krisna",5
2006,"Kriss",12
2006,"Krissa",10
2006,"Krissia",9
2006,"Krissie",9
2006,"Krissy",15
2006,"Krista",408
2006,"Kristal",88
2006,"Kristalyn",24
2006,"Kristan",25
2006,"Kristanna",9
2006,"Kristel",18
2006,"Kristelle",6
2006,"Kristen",888
2006,"Kristena",9
2006,"Kristi",79
2006,"Kristian",657
2006,"Kristiana",83
2006,"Kristiane",5
2006,"Kristianna",42
2006,"Kristie",51
2006,"Kristien",5
2006,"Kristin",521
2006,"Kristina",794
2006,"Kristine",173
2006,"Kristion",12
2006,"Kristiona",5
2006,"Kristjan",10
2006,"Kristo",5
2006,"Kristof",10
2006,"Kristofer",132
2006,"Kristoff",13
2006,"Kristoffer",27
2006,"Kriston",9
2006,"Kristopher",758
2006,"Kristy",149
2006,"Kristyana",6
2006,"Kristyn",68
2006,"Kristyna",7
2006,"Krithi",8
2006,"Krithik",8
2006,"Krithika",8
2006,"Kriti",17
2006,"Kritika",17
2006,"Kriya",9
2006,"Kron",9
2006,"Kross",13
2006,"Krrish",24
2006,"Krue",5
2006,"Krupa",11
2006,"Kruthi",6
2006,"Kruz",34
2006,"Krys",5
2006,"Kryslyn",6
2006,"Kryslynn",6
2006,"Krysta",87
2006,"Krystah",5
2006,"Krystal",603
2006,"Krystalee",6
2006,"Krystalin",5
2006,"Krystalyn",9
2006,"Krystalynn",8
2006,"Krystan",10
2006,"Krystel",14
2006,"Krystelle",7
2006,"Krysten",41
2006,"Krystian",88
2006,"Krystiana",17
2006,"Krystianna",5
2006,"Krystie",5
2006,"Krystin",23
2006,"Krystina",51
2006,"Krystine",7
2006,"Krystle",17
2006,"Krystofer",7
2006,"Krystopher",27
2006,"Krystyn",9
2006,"Krystyna",16
2006,"Krzysztof",14
2007,"Kraig",16
2007,"Kraven",9
2007,"Krayton",10
2007,"Kree",6
2007,"Kreed",13
2007,"Krew",35
2007,"Krimson",6
2007,"Krina",11
2007,"Kripa",8
2007,"Kris",92
2007,"Krisalyn",12
2007,"Krisalynn",9
2007,"Kriselle",5
2007,"Krish",345
2007,"Krisha",55
2007,"Krishan",9
2007,"Krishawn",8
2007,"Krishay",7
2007,"Krishi",6
2007,"Krishiv",28
2007,"Krishn",6
2007,"Krishna",123
2007,"Krishnan",5
2007,"Krishtian",5
2007,"Krislin",5
2007,"Krislyn",51
2007,"Krislynn",25
2007,"Kriss",10
2007,"Krissa",20
2007,"Krissi",7
2007,"Krissia",7
2007,"Krissie",6
2007,"Krissy",13
2007,"Krista",355
2007,"Kristabelle",5
2007,"Kristal",106
2007,"Kristalee",5
2007,"Kristalyn",14
2007,"Kristan",32
2007,"Kristanna",6
2007,"Kristasia",5
2007,"Kristel",17
2007,"Kristell",6
2007,"Kristelle",7
2007,"Kristen",780
2007,"Kristena",5
2007,"Kristhian",5
2007,"Kristi",48
2007,"Kristian",639
2007,"Kristiana",78
2007,"Kristianna",36
2007,"Kristie",32
2007,"Kristin",362
2007,"Kristina",723
2007,"Kristine",177
2007,"Kristion",11
2007,"Kristjan",9
2007,"Kristo",5
2007,"Kristobal",5
2007,"Kristof",9
2007,"Kristofer",118
2007,"Kristoff",15
2007,"Kristoffer",42
2007,"Kristofor",6
2007,"Kriston",8
2007,"Kristopher",693
2007,"Kristy",158
2007,"Kristyana",11
2007,"Kristyn",68
2007,"Kristyna",11
2007,"Krisztian",7
2007,"Krithi",6
2007,"Krithik",7
2007,"Krithika",6
2007,"Kriti",16
2007,"Kritika",7
2007,"Kriya",5
2007,"Kron",6
2007,"Kross",14
2007,"Krrish",17
2007,"Krue",7
2007,"Krupa",8
2007,"Kruz",34
2007,"Kruze",5
2007,"Kryssa",6
2007,"Krysta",77
2007,"Krystal",615
2007,"Krystall",6
2007,"Krystalyn",10
2007,"Krystalynn",10
2007,"Krystel",15
2007,"Krystell",6
2007,"Krystelle",9
2007,"Krysten",34
2007,"Krystian",96
2007,"Krystiana",20
2007,"Krystin",19
2007,"Krystina",77
2007,"Krystine",7
2007,"Krystle",12
2007,"Krystofer",8
2007,"Krystopher",18
2007,"Krystyn",8
2007,"Krystyna",17
2007,"Krzysztof",12
2008,"Kraig",11
2008,"Kratos",6
2008,"Kraven",15
2008,"Krayton",8
2008,"Krew",51
2008,"Krimson",5
2008,"Krina",6
2008,"Kripa",10
2008,"Kris",93
2008,"Krisalyn",7
2008,"Krisanna",6
2008,"Krish",261
2008,"Krisha",53
2008,"Krishan",9
2008,"Krishawn",7
2008,"Krishay",5
2008,"Krishiv",23
2008,"Krishn",5
2008,"Krishna",108
2008,"Krishon",5
2008,"Krislyn",43
2008,"Krislynn",30
2008,"Kriss",13
2008,"Krissa",18
2008,"Krissi",5
2008,"Krissia",5
2008,"Krissie",5
2008,"Krissy",16
2008,"Krista",311
2008,"Kristabella",6
2008,"Kristal",96
2008,"Kristalyn",16
2008,"Kristan",27
2008,"Kristeena",7
2008,"Kristel",20
2008,"Kristella",5
2008,"Kristelle",5
2008,"Kristen",656
2008,"Kristhian",5
2008,"Kristi",55
2008,"Kristian",613
2008,"Kristiana",79
2008,"Kristianna",33
2008,"Kristie",42
2008,"Kristijan",6
2008,"Kristin",322
2008,"Kristina",636
2008,"Kristine",158
2008,"Kristion",14
2008,"Kristiona",5
2008,"Kristjan",13
2008,"Kristlyn",5
2008,"Kristo",5
2008,"Kristof",6
2008,"Kristofer",135
2008,"Kristoff",14
2008,"Kristoffer",44
2008,"Kristofor",5
2008,"Kriston",23
2008,"Kristopher",678
2008,"Kristy",142
2008,"Kristyana",13
2008,"Kristyn",69
2008,"Kristyna",12
2008,"Krisztian",8
2008,"Krithi",12
2008,"Krithik",15
2008,"Krithika",7
2008,"Kriti",20
2008,"Kritika",7
2008,"Kriya",5
2008,"Kriz",7
2008,"Krizia",5
2008,"Kron",6
2008,"Kross",15
2008,"Krrish",7
2008,"Kru",9
2008,"Krue",8
2008,"Kruse",5
2008,"Krush",5
2008,"Kruz",56
2008,"Kruze",5
2008,"Kryslyn",6
2008,"Krysta",67
2008,"Krystal",554
2008,"Krystall",5
2008,"Krystalyn",13
2008,"Krystalynn",12
2008,"Krystel",10
2008,"Krysten",40
2008,"Krystian",93
2008,"Krystiana",21
2008,"Krystie",5
2008,"Krystin",21
2008,"Krystina",56
2008,"Krystine",8
2008,"Krystle",12
2008,"Krystofer",8
2008,"Krystopher",18
2008,"Krystyn",9
2008,"Krystyna",12
2008,"Kryton",5
2008,"Krzysztof",9
2009,"Kraig",14
2009,"Kratos",10
2009,"Kraven",6
2009,"Kreed",16
2009,"Kreighton",6
2009,"Krew",58
2009,"Krey",5
2009,"Kreyton",5
2009,"Krimson",7
2009,"Kripa",8
2009,"Kris",117
2009,"Krisalyn",14
2009,"Krisean",6
2009,"Krisette",9
2009,"Krish",238
2009,"Krisha",64
2009,"Krishan",6
2009,"Krishaun",7
2009,"Krishav",5
2009,"Krishawn",10
2009,"Krishay",6
2009,"Krishiv",20
2009,"Krishna",100
2009,"Krishon",9
2009,"Krislin",6
2009,"Krislyn",43
2009,"Krislynn",22
2009,"Kriss",7
2009,"Krissa",14
2009,"Krissy",15
2009,"Krista",254
2009,"Kristain",5
2009,"Kristal",89
2009,"Kristalee",6
2009,"Kristalyn",22
2009,"Kristan",20
2009,"Kristel",23
2009,"Kristelle",6
2009,"Kristen",578
2009,"Kristhian",5
2009,"Kristi",55
2009,"Kristia",6
2009,"Kristian",615
2009,"Kristiana",76
2009,"Kristianna",27
2009,"Kristie",37
2009,"Kristin",260
2009,"Kristina",588
2009,"Kristine",139
2009,"Kristion",9
2009,"Kristjan",8
2009,"Kristlyn",5
2009,"Kristo",10
2009,"Kristof",11
2009,"Kristofer",75
2009,"Kristoff",17
2009,"Kristoffer",30
2009,"Kriston",8
2009,"Kristopher",641
2009,"Kristos",5
2009,"Kristy",116
2009,"Kristyana",8
2009,"Kristyanna",6
2009,"Kristyn",49
2009,"Kristyna",8
2009,"Kristyne",6
2009,"Krithi",13
2009,"Krithik",9
2009,"Krithika",7
2009,"Kriti",15
2009,"Kritika",8
2009,"Kriya",6
2009,"Kriz",6
2009,"Krosby",5
2009,"Kross",16
2009,"Kru",18
2009,"Krue",15
2009,"Kruise",6
2009,"Krupa",10
2009,"Kruse",5
2009,"Kruthi",5
2009,"Kruz",78
2009,"Kruze",6
2009,"Kryslyn",7
2009,"Kryslynn",10
2009,"Krysta",63
2009,"Krystal",454
2009,"Krystalyn",13
2009,"Krystalynn",9
2009,"Krystan",5
2009,"Krystel",7
2009,"Krysten",34
2009,"Krystian",102
2009,"Krystiana",12
2009,"Krystie",5
2009,"Krystin",25
2009,"Krystina",46
2009,"Krystine",9
2009,"Krystle",6
2009,"Krystopher",21
2009,"Krystyna",16
2009,"Kryztal",5
2009,"Krzysztof",12
2010,"Kraig",9
2010,"Kraven",12
2010,"Krayton",7
2010,"Kreed",23
2010,"Kreindy",7
2010,"Krew",70
2010,"Krimson",12
2010,"Krina",9
2010,"Kripa",6
2010,"Kris",66
2010,"Krisalyn",12
2010,"Krisalynn",5
2010,"Krisette",9
2010,"Krish",247
2010,"Krisha",66
2010,"Krishan",9
2010,"Krishang",6
2010,"Krishaun",5
2010,"Krishawn",6
2010,"Krishawna",5
2010,"Krishay",11
2010,"Krishelle",5
2010,"Krishiv",24
2010,"Krishna",91
2010,"Krislyn",44
2010,"Krislynn",36
2010,"Krissa",20
2010,"Krissia",7
2010,"Krissy",12
2010,"Krista",222
2010,"Kristal",85
2010,"Kristalyn",14
2010,"Kristalynn",10
2010,"Kristan",18
2010,"Kristel",32
2010,"Kristell",5
2010,"Kristelle",10
2010,"Kristen",521
2010,"Kristhian",5
2010,"Kristi",30
2010,"Kristian",529
2010,"Kristiana",77
2010,"Kristianna",37
2010,"Kristiano",6
2010,"Kristie",25
2010,"Kristijan",6
2010,"Kristin",228
2010,"Kristina",495
2010,"Kristine",127
2010,"Kristion",10
2010,"Kristlyn",5
2010,"Kristo",6
2010,"Kristof",10
2010,"Kristofer",89
2010,"Kristoff",5
2010,"Kristoffer",30
2010,"Kriston",12
2010,"Kristopher",552
2010,"Kristy",105
2010,"Kristyn",45
2010,"Kristyna",10
2010,"Krithi",8
2010,"Krithik",14
2010,"Krithika",10
2010,"Kriti",27
2010,"Kritika",7
2010,"Kriya",6
2010,"Kriz",7
2010,"Kron",5
2010,"Krosby",10
2010,"Kross",16
2010,"Kru",11
2010,"Krue",14
2010,"Krupa",7
2010,"Kruz",86
2010,"Kruze",12
2010,"Krymson",6
2010,"Kryssa",5
2010,"Krysta",65
2010,"Krystal",391
2010,"Krystalee",5
2010,"Krystalyn",5
2010,"Krystalynn",10
2010,"Krystel",25
2010,"Krysten",29
2010,"Krystian",74
2010,"Krystiana",19
2010,"Krystianna",6
2010,"Krystin",20
2010,"Krystina",51
2010,"Krystine",9
2010,"Krystle",5
2010,"Krystopher",21
2010,"Krystyn",6
2010,"Krystyna",6
2010,"Krzysztof",9
2011,"Kraig",14
2011,"Kratos",7
2011,"Kraven",8
2011,"Krayson",5
2011,"Kreed",11
2011,"Krew",84
2011,"Krimson",12
2011,"Krina",9
2011,"Kripa",6
2011,"Kris",70
2011,"Krisalyn",12
2011,"Krischelle",5
2011,"Krisette",12
2011,"Krish",240
2011,"Krisha",58
2011,"Krishan",6
2011,"Krishang",7
2011,"Krishaun",5
2011,"Krishav",5
2011,"Krishawn",7
2011,"Krishiv",24
2011,"Krishna",99
2011,"Krislyn",34
2011,"Krislynn",20
2011,"Krissa",10
2011,"Krissia",6
2011,"Krissie",5
2011,"Krissy",20
2011,"Krista",185
2011,"Kristabella",9
2011,"Kristabelle",5
2011,"Kristal",70
2011,"Kristalyn",13
2011,"Kristalynn",9
2011,"Kristan",15
2011,"Kristeena",5
2011,"Kristel",122
2011,"Kristell",19
2011,"Kristella",5
2011,"Kristelle",14
2011,"Kristen",436
2011,"Kristi",29
2011,"Kristian",507
2011,"Kristiana",69
2011,"Kristianna",20
2011,"Kristie",30
2011,"Kristijan",5
2011,"Kristin",163
2011,"Kristina",437
2011,"Kristine",108
2011,"Kristjan",6
2011,"Kristobal",6
2011,"Kristof",7
2011,"Kristofer",96
2011,"Kristoff",12
2011,"Kristoffer",31
2011,"Kriston",8
2011,"Kristopher",532
2011,"Kristos",5
2011,"Kristy",69
2011,"Kristyan",5
2011,"Kristyana",5
2011,"Kristyn",38
2011,"Kristyna",8
2011,"Krisztian",5
2011,"Krithi",14
2011,"Krithik",20
2011,"Krithika",13
2011,"Kriti",20
2011,"Kritika",13
2011,"Kriz",5
2011,"Kron",6
2011,"Krosby",12
2011,"Kross",13
2011,"Kroy",8
2011,"Krrish",6
2011,"Kru",13
2011,"Krue",35
2011,"Krupa",9
2011,"Kruse",8
2011,"Kruz",117
2011,"Kruze",14
2011,"Krymson",5
2011,"Kryslynn",7
2011,"Krysta",42
2011,"Krystal",364
2011,"Krystalyn",10
2011,"Krystel",54
2011,"Krystell",9
2011,"Krystelle",12
2011,"Krysten",23
2011,"Krystian",77
2011,"Krystiana",17
2011,"Krystin",18
2011,"Krystina",33
2011,"Krystine",7
2011,"Krystopher",22
2011,"Krystyna",12
2011,"Krzysztof",9
2012,"Kraig",13
2012,"Kratos",8
2012,"Kraven",11
2012,"Krayton",10
2012,"Kree",18
2012,"Kreed",22
2012,"Krew",73
2012,"Krimson",9
2012,"Krimsyn",7
2012,"Kris",83
2012,"Krisalyn",7
2012,"Krish",251
2012,"Krisha",84
2012,"Krishan",11
2012,"Krishang",11
2012,"Krishaun",10
2012,"Krishav",10
2012,"Krishay",5
2012,"Krishika",7
2012,"Krishiv",39
2012,"Krishna",105
2012,"Krishon",6
2012,"Krislyn",34
2012,"Krislynn",25
2012,"Krispin",5
2012,"Kriss",8
2012,"Krissa",15
2012,"Krissia",8
2012,"Krissie",6
2012,"Krissy",17
2012,"Krista",177
2012,"Kristabella",7
2012,"Kristabelle",8
2012,"Kristal",72
2012,"Kristalyn",17
2012,"Kristalynn",8
2012,"Kristan",9
2012,"Kristel",47
2012,"Kristell",14
2012,"Kristelle",9
2012,"Kristen",440
2012,"Kristhian",5
2012,"Kristi",25
2012,"Kristian",498
2012,"Kristiana",53
2012,"Kristianna",13
2012,"Kristiano",5
2012,"Kristie",31
2012,"Kristijan",5
2012,"Kristin",155
2012,"Kristina",406
2012,"Kristine",102
2012,"Kristion",8
2012,"Kristjan",6
2012,"Kristof",7
2012,"Kristofer",76
2012,"Kristoff",11
2012,"Kristoffer",26
2012,"Kriston",13
2012,"Kristopher",527
2012,"Kristy",91
2012,"Kristyn",45
2012,"Kristyna",9
2012,"Krithi",15
2012,"Krithik",27
2012,"Krithika",7
2012,"Kriti",13
2012,"Kritika",9
2012,"Kriya",9
2012,"Kron",6
2012,"Krosby",10
2012,"Kross",12
2012,"Kroy",34
2012,"Krrish",5
2012,"Kru",11
2012,"Krue",28
2012,"Kruse",7
2012,"Kruthi",7
2012,"Kruz",105
2012,"Kruze",29
2012,"Krymson",8
2012,"Kryslynn",9
2012,"Krysta",32
2012,"Krystabella",5
2012,"Krystal",325
2012,"Krystalyn",8
2012,"Krystalynn",11
2012,"Krystel",37
2012,"Krystell",7
2012,"Krystelle",5
2012,"Krysten",28
2012,"Krystian",55
2012,"Krystiana",14
2012,"Krystin",15
2012,"Krystina",46
2012,"Krystine",6
2012,"Krystle",8
2012,"Krystopher",15
2012,"Krystyna",5
2012,"Krzysztof",6
2013,"Kratos",11
2013,"Krayton",10
2013,"Kree",122
2013,"Kreed",26
2013,"Kreelynn",5
2013,"Kreighton",10
2013,"Krew",86
2013,"Kreyton",5
2013,"Krimson",6
2013,"Krina",8
2013,"Kripa",5
2013,"Kris",79
2013,"Krisalyn",9
2013,"Krisette",8
2013,"Krish",235
2013,"Krisha",73
2013,"Krishan",11
2013,"Krishang",12
2013,"Krishav",12
2013,"Krishawn",5
2013,"Krishay",5
2013,"Krishen",5
2013,"Krishika",6
2013,"Krishiv",28
2013,"Krishna",92
2013,"Krishon",6
2013,"Krislyn",44
2013,"Krislynn",31
2013,"Kriss",5
2013,"Krissa",15
2013,"Krissi",5
2013,"Krissy",12
2013,"Krista",142
2013,"Kristabella",7
2013,"Kristal",54
2013,"Kristalyn",12
2013,"Kristalynn",9
2013,"Kristan",7
2013,"Kristapher",5
2013,"Kristel",27
2013,"Kristell",15
2013,"Kristelle",6
2013,"Kristen",391
2013,"Kristi",20
2013,"Kristian",451
2013,"Kristiana",52
2013,"Kristianna",24
2013,"Kristiano",5
2013,"Kristie",21
2013,"Kristin",143
2013,"Kristina",353
2013,"Kristine",100
2013,"Kristion",5
2013,"Kristjan",5
2013,"Kristof",5
2013,"Kristofer",49
2013,"Kristoff",7
2013,"Kristoffer",22
2013,"Kriston",6
2013,"Kristopher",491
2013,"Kristy",88
2013,"Kristyn",34
2013,"Krithi",8
2013,"Krithik",20
2013,"Krithika",12
2013,"Kriti",17
2013,"Kritika",15
2013,"Kriya",6
2013,"Kroix",7
2013,"Krosby",12
2013,"Kross",23
2013,"Kroy",40
2013,"Krrish",8
2013,"Kru",11
2013,"Krue",29
2013,"Kruise",5
2013,"Krupa",7
2013,"Kruz",125
2013,"Kruze",43
2013,"Krymson",8
2013,"Kryslyn",5
2013,"Krysta",28
2013,"Krystal",299
2013,"Krystalyn",7
2013,"Krystel",16
2013,"Krysten",32
2013,"Krystian",55
2013,"Krystiana",12
2013,"Krystin",10
2013,"Krystina",34
2013,"Krystine",7
2013,"Krystopher",11
2013,"Krystyn",6
2013,"Krzysztof",6
2014,"Kraig",5
2014,"Kratos",10
2014,"Kraven",7
2014,"Krayton",8
2014,"Kree",71
2014,"Kreed",32
2014,"Krew",87
2014,"Krimson",18
2014,"Krimsyn",5
2014,"Krina",8
2014,"Kripa",6
2014,"Kris",80
2014,"Krisalyn",8
2014,"Krisean",5
2014,"Krisette",7
2014,"Krish",194
2014,"Krisha",75
2014,"Krishaan",7
2014,"Krishal",5
2014,"Krishan",11
2014,"Krishang",6
2014,"Krishav",20
2014,"Krishawn",7
2014,"Krishay",6
2014,"Krishika",8
2014,"Krishil",5
2014,"Krishiv",39
2014,"Krishna",91
2014,"Krisley",5
2014,"Krislyn",38
2014,"Krislynn",34
2014,"Kriss",5
2014,"Krissia",7
2014,"Krisstopher",5
2014,"Krissy",18
2014,"Krista",117
2014,"Kristabel",5
2014,"Kristabella",5
2014,"Kristain",5
2014,"Kristal",40
2014,"Kristalyn",10
2014,"Kristalynn",5
2014,"Kristan",10
2014,"Kristel",32
2014,"Kristell",13
2014,"Kristen",348
2014,"Kristhel",6
2014,"Kristi",26
2014,"Kristian",433
2014,"Kristiana",49
2014,"Kristianna",27
2014,"Kristie",19
2014,"Kristin",133
2014,"Kristina",357
2014,"Kristine",88
2014,"Kristof",11
2014,"Kristofer",60
2014,"Kristoff",32
2014,"Kristoffer",15
2014,"Kristopher",462
2014,"Kristy",78
2014,"Kristyn",30
2014,"Krithi",12
2014,"Krithik",19
2014,"Krithika",5
2014,"Kriti",26
2014,"Kritika",13
2014,"Kriya",9
2014,"Kriyansh",5
2014,"Kroix",7
2014,"Kron",7
2014,"Krosby",12
2014,"Kross",18
2014,"Kroy",41
2014,"Krrish",5
2014,"Kru",10
2014,"Krue",28
2014,"Kruize",5
2014,"Kruthi",8
2014,"Kruz",145
2014,"Kruze",47
2014,"Krys",5
2014,"Kryslynn",5
2014,"Krysta",33
2014,"Krystal",259
2014,"Krystalyn",5
2014,"Krystel",16
2014,"Krystell",6
2014,"Krysten",21
2014,"Krystian",55
2014,"Krystiana",12
2014,"Krystianna",5
2014,"Krystin",12
2014,"Krystina",22
2014,"Krystine",5
2014,"Krystopher",11
2014,"Krystyna",5
2014,"Krzysztof",7
